	p-value	R-squared	p.valor_beta0	p.valor_evovsanc	p.valor_age	p.valor_agexevo	p.valor_age2	p.valor_age2xevo	cut
dsim_PG00004	4.99E-38	0.746967422	1.12E-182	NA	NA	3.62E-05	6.13E-26	NA	1
dsim_PG00018	1.42E-26	0.614123839	2.34E-104	NA	0.000242665	NA	NA	2.26E-13	2
dsim_PG00029	3.58E-33	0.709931146	2.15E-184	NA	1.01E-33	5.27E-12	1.81E-29	NA	3
dsim_PG00030	4.46E-47	0.818700569	4.23E-127	NA	5.72E-24	NA	NA	2.05E-12	2
dsim_PG00059	1.27E-34	0.735901727	1.07E-145	3.45E-07	NA	0.001246416	1.16E-20	0.012466705	1
dsim_PG00072	2.36E-42	0.784244514	1.03E-209	NA	NA	0.002388177	4.16E-32	NA	1
dsim_PG00111	2.26E-30	0.67801545	3.37E-126	1.18E-05	NA	0.001904223	2.71E-15	NA	1
dsim_PG00114	1.45E-32	0.714621677	1.44E-156	7.14E-13	0.000254632	4.69E-08	5.16E-09	NA	2
dsim_PG00120	1.97E-32	0.689024732	3.81E-154	NA	NA	0.038664275	2.52E-24	NA	1
dsim_PG00130	5.65E-30	0.659565545	8.35E-142	NA	NA	5.80E-08	3.02E-15	NA	1
dsim_PG00160	1.58E-34	0.724203341	1.27E-69	0.00029917	NA	NA	2.33E-08	5.43E-12	2
dsim_PG00178	2.56E-28	0.638144358	6.41E-144	NA	NA	0.002828043	5.30E-19	NA	1
dsim_PG00187	5.16E-42	0.8000128	2.68E-82	NA	9.26E-24	0.005941352	1.26E-12	0.006556427	4
dsim_PG00193	5.56E-39	0.755699696	1.97E-197	NA	NA	0.001813578	1.04E-28	NA	1
dsim_PG00197	2.53E-26	0.625535789	3.43E-117	0.012056016	NA	0.011604069	6.38E-14	NA	1
dsim_PG00199	1.53E-34	0.712278429	1.13E-169	NA	NA	0.000278115	1.56E-23	NA	1
dsim_PG00204	4.94E-30	0.660291721	5.08E-165	NA	NA	0.014052587	1.70E-21	NA	1
dsim_PG00207	8.43E-41	0.771539212	1.37E-170	NA	NA	0.018493269	1.11E-31	NA	1
dsim_PG00278	7.76E-31	0.683542254	4.40E-109	NA	3.33E-14	0.002509705	1.39E-07	NA	4
FBgn0000024	5.38E-26	0.634347835	9.50E-172	6.45E-15	3.46E-20	9.76E-05	6.35E-16	NA	3
FBgn0000052	1.76E-48	0.835931224	1.39E-170	0.002840793	NA	2.64E-08	4.17E-26	NA	5
FBgn0000053	9.37E-31	0.682576171	9.42E-137	NA	0.028113708	0.000101852	1.49E-07	NA	5
FBgn0000083	5.48E-27	0.647796761	5.25E-162	NA	6.61E-05	1.47E-06	2.15E-08	0.00249006	5
FBgn0000100	4.49E-55	0.877538482	2.93E-224	1.29E-06	3.46E-23	0.000775533	1.18E-09	NA	6
FBgn0000114	1.37E-45	0.817287674	6.21E-197	0.000284419	6.98E-29	0.039127849	NA	NA	1
FBgn0000116	5.20E-72	0.931584342	2.15E-194	NA	3.17E-56	0.048397183	1.43E-42	NA	7
FBgn0000147	3.35E-33	0.710233438	7.97E-149	0.00221053	NA	0.009383509	4.70E-19	NA	1
FBgn0000153	3.03E-79	0.953093791	5.51E-153	0.037765474	1.18E-32	0.002847169	9.94E-15	0.016155573	7
FBgn0000163	1.02E-46	0.824797128	9.12E-212	NA	NA	4.55E-06	5.36E-30	0.007569809	8
FBgn0000182	3.09E-44	0.807857469	4.55E-181	0.000357099	NA	0.001669769	1.71E-27	NA	1
FBgn0000212	1.13E-30	0.693544501	1.75E-141	7.66E-05	7.31E-09	0.010910826	0.000147141	NA	8
FBgn0000228	8.71E-44	0.812901842	1.30E-175	3.99E-07	6.42E-27	0.000451454	NA	0.004159068	6
FBgn0000239	7.28E-29	0.671885995	4.63E-193	NA	9.96E-07	1.57E-05	0.018238916	0.002355813	4
FBgn0000256	5.41E-44	0.814350823	1.49E-209	0.000164278	NA	0.000280375	2.54E-28	0.006988935	1
FBgn0000274	6.36E-39	0.765846275	1.44E-164	0.000424785	NA	0.002417783	5.79E-23	NA	1
FBgn0000279	5.73E-27	0.659533903	0.000219619	6.84E-06	0.007095308	2.76E-08	0.000268575	3.72E-05	5
FBgn0000299	1.21E-28	0.656589531	5.78E-126	NA	5.70E-26	0.017632204	9.00E-20	NA	3
FBgn0000308	3.76E-33	0.720849667	7.74E-190	0.032004214	7.14E-19	2.33E-07	NA	4.53E-07	8
FBgn0000319	7.05E-30	0.684197869	6.08E-221	NA	4.85E-09	8.98E-06	8.47E-13	0.013459154	5
FBgn0000370	1.93E-38	0.750780992	1.00E-267	NA	NA	3.40E-08	2.32E-23	NA	8
FBgn0000392	3.78E-49	0.847032593	7.21E-197	4.92E-05	NA	0.001110889	2.41E-31	0.045254307	1
FBgn0000395	8.02E-32	0.681969849	1.81E-153	NA	NA	1.97E-10	1.65E-14	NA	8
FBgn0000404	1.42E-29	0.668277105	1.46E-161	0.004292627	NA	0.030260104	5.61E-17	NA	1
FBgn0000406	6.30E-39	0.775396194	6.20E-177	0.026799004	3.73E-26	0.002656637	1.30E-19	NA	4
FBgn0000409	7.48E-67	0.917128348	9.24E-160	NA	6.30E-51	NA	9.99E-36	0.035360965	7
FBgn0000414	1.02E-32	0.692316092	2.17E-216	NA	1.65E-16	2.10E-08	NA	NA	8
FBgn0000416	1.92E-41	0.786813871	1.47E-212	NA	1.02E-16	NA	1.90E-07	2.36E-06	8
FBgn0000422	1.19E-26	0.643270705	3.94E-160	7.49E-06	5.47E-21	0.00211875	1.12E-13	NA	7
FBgn0000447	7.03E-28	0.632251425	1.18E-207	NA	NA	0.00123738	3.80E-18	NA	1
FBgn0000533	1.22E-24	0.615109742	7.26E-153	0.009563259	NA	0.000481803	4.05E-12	0.0120915	5
FBgn0000556	2.82E-53	0.868992106	1.40E-245	3.18E-06	3.35E-23	NA	5.32E-09	7.06E-05	8
FBgn0000557	1.26E-28	0.656355506	2.41E-174	NA	8.52E-30	NA	2.03E-26	0.000869715	3
FBgn0000559	1.46E-50	0.848150183	8.15E-249	0.010640169	3.06E-31	NA	NA	3.10E-05	6
FBgn0000565	1.52E-29	0.667937862	3.17E-138	8.21E-06	1.48E-12	4.10E-08	NA	NA	9
FBgn0000566	1.17E-49	0.842949801	1.85E-156	NA	6.17E-38	3.13E-09	NA	5.37E-08	6
FBgn0000568	1.84E-28	0.640061087	4.47E-188	NA	4.16E-18	0.001666268	NA	NA	8
FBgn0000615	1.42E-49	0.849449769	1.42E-207	6.51E-05	NA	0.000609877	1.99E-32	0.02122418	1
FBgn0000721	2.14E-37	0.752150861	4.25E-229	NA	8.14E-24	4.13E-08	NA	7.10E-05	8
FBgn0001099	2.25E-36	0.752760756	7.09E-172	0.000110504	NA	0.002537294	3.79E-21	0.047828929	1
FBgn0001104	1.97E-24	0.61207944	2.23E-152	NA	0.013961645	0.000372346	5.68E-06	0.017981117	5
FBgn0001124	3.76E-25	0.608782324	2.26E-217	0.012455114	NA	NA	1.24E-07	3.30E-06	5
FBgn0001125	1.62E-25	0.62767144	4.13E-144	8.88E-08	1.41E-12	1.15E-07	3.86E-16	NA	5
FBgn0001137	1.03E-47	0.831175152	2.29E-141	NA	1.02E-36	2.63E-13	NA	8.78E-11	8
FBgn0001142	2.74E-29	0.664743053	8.46E-127	NA	0.004846006	2.68E-09	3.24E-07	NA	5
FBgn0001179	4.51E-41	0.773814057	4.28E-169	NA	5.20E-29	0.000342763	NA	NA	8
FBgn0001187	9.80E-30	0.682490984	1.39E-184	8.72E-14	0.000848909	NA	3.51E-06	9.92E-10	6
FBgn0001202	9.58E-32	0.6810652	1.54E-204	NA	7.58E-16	NA	NA	7.16E-06	5
FBgn0001208	1.22E-43	0.794238846	3.69E-197	NA	1.29E-24	NA	NA	4.74E-08	6
FBgn0001217	4.07E-41	0.784207919	2.08E-188	0.002815059	NA	0.004404716	2.36E-25	NA	1
FBgn0001220	2.45E-57	0.875773769	1.08E-238	NA	2.94E-43	1.19E-06	NA	NA	8
FBgn0001223	1.58E-50	0.860981611	3.29E-54	0.023589332	4.58E-15	0.002586055	1.17E-06	0.013438208	4
FBgn0001228	1.11E-36	0.745446927	2.08E-145	0.000107546	NA	0.000672502	3.21E-20	NA	1
FBgn0001257	1.24E-26	0.643040992	1.71E-130	0.013466554	NA	9.88E-05	6.28E-12	0.007057429	8
FBgn0001258	1.53E-44	0.818127449	3.73E-149	NA	0.001813951	5.94E-11	7.49E-12	1.25E-07	5
FBgn0001281	4.39E-35	0.729865878	3.35E-175	9.57E-05	NA	0.002657721	1.36E-19	NA	1
FBgn0001291	2.80E-35	0.720010171	2.32E-191	NA	2.69E-19	4.24E-08	NA	NA	5
FBgn0001297	4.46E-51	0.85771737	5.92E-211	NA	2.10E-45	1.77E-11	2.84E-34	3.29E-05	3
FBgn0001308	5.36E-31	0.685429629	1.10E-216	NA	NA	1.37E-06	2.19E-19	0.000389284	5
FBgn0001337	4.09E-32	0.698261849	7.58E-191	NA	5.73E-31	2.49E-06	NA	3.52E-09	8
FBgn0001404	3.12E-26	0.637610537	4.89E-202	NA	6.17E-08	0.006110108	0.012433258	0.012398356	4
FBgn0001941	1.06E-41	0.797632658	1.51E-170	1.47E-06	4.48E-13	3.40E-06	1.64E-05	NA	8
FBgn0001942	1.29E-49	0.849689483	8.67E-256	NA	1.09E-18	0.008240047	1.16E-06	0.001644318	6
FBgn0001977	4.82E-33	0.719717189	1.60E-163	NA	4.58E-12	6.37E-05	3.81E-05	0.001751133	8
FBgn0001978	8.39E-34	0.704346746	4.61E-223	NA	3.03E-24	0.015820102	NA	NA	8
FBgn0001981	5.88E-32	0.696488505	1.90E-72	NA	1.93E-16	0.008094889	2.61E-09	NA	8
FBgn0002036	3.49E-57	0.881288257	1.30E-187	7.44E-05	5.85E-36	3.66E-05	NA	NA	1
FBgn0002044	2.29E-30	0.664439393	4.97E-229	NA	8.50E-18	3.64E-05	NA	NA	8
FBgn0002069	1.74E-65	0.912807383	5.10E-191	2.59E-13	2.13E-40	4.38E-09	NA	NA	6
FBgn0002121	3.09E-40	0.766736441	1.18E-208	NA	1.54E-26	9.12E-06	NA	NA	8
FBgn0002174	2.79E-37	0.751085944	2.34E-197	0.000393939	5.82E-20	NA	NA	0.000220095	1
FBgn0002524	1.21E-31	0.704540777	1.09E-183	0.020863914	5.25E-18	5.13E-05	NA	0.000223931	8
FBgn0002542	2.03E-30	0.690562356	3.05E-175	0.002246269	NA	0.003589067	7.74E-18	0.033071429	1
FBgn0002569	4.36E-39	0.776742307	1.81E-167	7.64E-22	NA	8.89E-06	4.77E-12	0.011322163	6
FBgn0002570	2.44E-32	0.722619727	7.01E-164	5.70E-09	6.08E-05	4.02E-07	0.00657091	8.52E-05	4
FBgn0002590	9.87E-36	0.736305133	1.33E-208	0.010851119	3.66E-21	NA	NA	0.011209876	6
FBgn0002607	2.15E-54	0.874375399	2.60E-208	0.003972042	1.97E-17	4.96E-05	5.00E-05	NA	6
FBgn0002645	6.69E-45	0.820574642	8.94E-174	0.003377878	1.35E-16	0.017192483	9.12E-07	NA	4
FBgn0002709	1.03E-36	0.755908503	7.57E-184	0.00271802	NA	6.01E-05	6.93E-23	0.001131718	1
FBgn0002715	5.98E-44	0.81404441	1.44E-171	0.00012512	NA	0.00049076	1.25E-27	0.015287624	1
FBgn0002780	2.38E-38	0.770460979	6.35E-170	NA	3.30E-11	0.011497663	0.008507477	0.016392965	4
FBgn0002783	3.41E-35	0.751189659	7.38E-162	0.038775392	1.65E-06	0.008492552	0.014367554	0.048460089	4
FBgn0002787	2.26E-29	0.665780689	4.02E-213	NA	3.78E-21	0.001550386	NA	0.012741848	4
FBgn0002838	7.46E-29	0.659259007	6.49E-131	NA	NA	0.04377211	2.57E-22	0.049600801	1
FBgn0002856	2.07E-32	0.712950911	2.27E-165	9.72E-21	3.50E-14	NA	4.33E-15	1.69E-09	2
FBgn0002862	4.58E-40	0.775597313	1.05E-183	0.026817227	NA	0.005803714	1.14E-24	NA	1
FBgn0002865	2.46E-42	0.79377237	2.34E-192	1.23E-05	NA	0.00100345	2.98E-25	NA	1
FBgn0002891	8.02E-45	0.820042084	2.52E-139	0.014529527	4.28E-28	0.001257511	NA	0.012630715	8
FBgn0002922	3.99E-25	0.622128627	9.51E-72	0.006856257	8.98E-18	NA	1.33E-12	0.001990136	7
FBgn0002930	1.17E-36	0.755392064	1.07E-165	0.000956478	0.019037173	9.38E-12	1.86E-06	NA	5
FBgn0002938	2.64E-44	0.808348474	1.91E-186	NA	2.37E-38	0.021610034	1.90E-29	NA	3
FBgn0002939	3.59E-50	0.845924531	1.16E-151	NA	5.60E-26	1.09E-16	NA	6.03E-08	10
FBgn0003034	2.75E-28	0.664668996	8.23E-139	2.69E-10	1.33E-13	2.49E-11	1.47E-16	NA	2
FBgn0003118	5.24E-25	0.620434103	2.74E-130	NA	0.028905032	8.34E-10	0.000121435	1.29E-05	8
FBgn0003132	9.32E-44	0.804400538	7.15E-177	0.040491442	NA	9.91E-05	1.52E-25	NA	1
FBgn0003140	1.48E-39	0.771306875	2.88E-154	0.00016227	NA	0.002107772	2.27E-23	NA	1
FBgn0003159	1.33E-37	0.763912327	6.18E-214	0.000636797	NA	4.18E-06	4.52E-24	7.90E-05	1
FBgn0003209	9.17E-45	0.802577723	1.09E-206	NA	NA	4.81E-09	3.55E-29	NA	5
FBgn0003250	1.13E-72	0.936701233	3.03E-179	NA	1.33E-33	2.17E-05	5.48E-13	0.00649338	8
FBgn0003254	5.67E-27	0.634499852	3.86E-121	0.007115582	NA	0.005944058	6.07E-14	NA	1
FBgn0003277	2.59E-58	0.886167028	1.60E-196	NA	3.17E-20	0.002564686	9.13E-05	NA	8
FBgn0003308	3.57E-50	0.84594146	2.49E-174	NA	NA	8.10E-13	5.07E-30	2.75E-06	8
FBgn0003326	1.50E-37	0.742489838	1.51E-172	NA	NA	5.38E-07	1.26E-23	NA	1
FBgn0003328	4.83E-38	0.747102713	1.38E-172	NA	NA	6.06E-12	2.32E-19	NA	5
FBgn0003345	6.64E-24	0.604263327	2.96E-190	NA	0.017275396	0.000478441	4.88E-06	0.012030867	8
FBgn0003423	3.05E-80	0.94961212	3.04E-214	NA	3.54E-49	6.14E-07	2.26E-28	NA	7
FBgn0003435	1.85E-39	0.779843824	6.46E-210	5.11E-06	NA	9.38E-06	1.46E-23	0.000691211	1
FBgn0003464	4.08E-41	0.784200059	3.05E-191	NA	1.31E-21	0.013753396	1.29E-11	NA	4
FBgn0003514	9.86E-60	0.89202194	1.45E-208	NA	NA	1.34E-10	4.55E-35	0.002934894	5
FBgn0003517	4.98E-49	0.846345623	5.59E-217	1.78E-06	3.45E-18	0.000679721	4.84E-07	NA	6
FBgn0003557	3.82E-27	0.63683408	3.75E-217	NA	1.40E-15	5.31E-05	NA	0.008084016	8
FBgn0003676	8.52E-42	0.806405663	3.53E-149	0.002741724	2.56E-11	0.001311801	2.64E-05	0.007203987	4
FBgn0003731	4.26E-32	0.698062176	2.45E-185	NA	9.13E-11	0.000220156	0.000162559	NA	8
FBgn0003861	6.92E-24	0.603997733	9.31E-190	7.19E-05	1.53E-17	0.00685168	1.15E-10	NA	7
FBgn0003862	3.83E-31	0.687140233	2.71E-174	0.011535585	4.22E-16	NA	NA	0.001416971	8
FBgn0003884	4.86E-32	0.708912056	7.33E-238	NA	4.45E-18	0.000947741	4.42E-09	0.013779957	1
FBgn0003885	1.77E-46	0.823229387	2.37E-196	0.000120479	1.60E-28	0.006806304	NA	NA	1
FBgn0003886	7.58E-58	0.889637173	5.42E-130	0.00013603	7.05E-18	5.83E-06	0.000129354	NA	1
FBgn0003889	3.77E-44	0.807243957	1.27E-203	0.000315359	NA	0.00026691	1.88E-26	NA	1
FBgn0003891	6.82E-35	0.715986441	1.60E-222	NA	7.46E-26	0.040737351	NA	NA	8
FBgn0003961	3.69E-34	0.720398186	2.57E-44	NA	7.15E-24	1.86E-09	NA	3.30E-07	8
FBgn0003965	1.70E-30	0.67950902	3.10E-142	NA	1.75E-20	1.59E-06	NA	0.00014148	8
FBgn0003977	1.01E-29	0.656386836	1.38E-179	NA	2.40E-19	0.002052304	NA	NA	8
FBgn0004047	2.05E-25	0.626244285	1.70E-20	1.06E-06	4.64E-11	3.18E-06	NA	6.62E-05	8
FBgn0004167	1.56E-30	0.679944578	4.57E-209	2.49E-08	NA	1.30E-05	2.18E-12	NA	8
FBgn0004172	2.20E-30	0.678155798	1.17E-171	0.003751004	NA	0.008698248	8.89E-17	NA	1
FBgn0004175	5.41E-40	0.774992731	3.75E-178	0.014532048	NA	0.000749601	2.37E-23	NA	1
FBgn0004181	2.53E-51	0.859025515	8.36E-162	1.43E-12	4.99E-06	6.77E-15	1.39E-15	NA	2
FBgn0004362	4.45E-25	0.607720908	4.15E-187	0.049719775	NA	0.018111103	2.28E-13	NA	1
FBgn0004372	1.08E-27	0.629741706	1.21E-127	NA	NA	0.00024934	3.97E-17	NA	1
FBgn0004379	2.75E-38	0.760239052	1.39E-175	0.012889243	NA	0.01782933	7.39E-24	NA	1
FBgn0004395	4.62E-37	0.7377962	1.37E-177	NA	1.46E-21	NA	NA	4.86E-05	8
FBgn0004401	6.99E-41	0.791318	3.61E-187	0.003761817	1.35E-18	0.001561243	6.82E-10	NA	4
FBgn0004436	1.32E-40	0.78007622	2.39E-180	NA	1.44E-40	0.006612098	1.96E-35	NA	3
FBgn0004463	7.32E-30	0.68400411	9.16E-131	0.000227128	1.72E-13	NA	1.43E-06	0.008384515	4
FBgn0004509	1.37E-27	0.62828462	6.48E-222	NA	NA	5.36E-07	4.77E-14	NA	5
FBgn0004575	9.19E-34	0.727211733	6.78E-174	2.75E-10	2.32E-23	0.046027522	6.97E-16	NA	7
FBgn0004581	7.95E-39	0.77454208	5.25E-172	0.002665875	NA	0.00062168	2.16E-25	0.005535251	1
FBgn0004629	2.43E-27	0.639478353	2.33E-172	0.022808255	NA	1.80E-07	2.65E-08	NA	5
FBgn0004636	1.22E-37	0.764243253	3.37E-202	0.032078633	NA	0.000915432	1.11E-23	0.010576122	8
FBgn0004638	2.25E-34	0.710505826	7.91E-208	NA	3.50E-24	0.00599366	NA	NA	8
FBgn0004648	4.07E-29	0.662585457	9.17E-226	NA	NA	2.46E-06	3.22E-15	0.002687907	8
FBgn0004656	9.71E-30	0.656601367	1.44E-212	NA	1.32E-20	0.01613735	NA	NA	8
FBgn0004687	1.17E-34	0.713525788	1.11E-228	NA	NA	2.85E-05	1.48E-22	NA	5
FBgn0004865	6.62E-28	0.659794898	4.86E-125	NA	3.67E-15	0.001746051	6.44E-09	0.009237568	7
FBgn0004868	2.20E-26	0.626383668	1.65E-244	NA	1.70E-17	4.96E-06	NA	0.000234513	5
FBgn0004882	2.88E-45	0.823023561	6.42E-193	1.06E-05	NA	0.00058142	2.01E-28	0.020267599	1
FBgn0004885	1.28E-34	0.735852201	2.85E-134	0.028740267	0.002309636	4.97E-08	4.32E-07	NA	8
FBgn0004914	2.90E-45	0.823007097	7.35E-193	1.31E-06	4.83E-29	NA	7.02E-15	0.001995442	4
FBgn0004926	5.50E-59	0.888984023	8.05E-200	0.028374092	1.00E-37	3.91E-05	NA	NA	8
FBgn0004956	4.28E-31	0.686573873	2.58E-151	0.002370968	NA	0.018724012	8.43E-18	NA	1
FBgn0005198	3.39E-28	0.63652414	6.62E-220	NA	NA	1.51E-06	4.37E-15	NA	8
FBgn0005410	8.14E-37	0.735411774	1.73E-222	NA	NA	0.000209918	1.42E-25	NA	1
FBgn0005593	2.32E-41	0.786153592	1.87E-214	0.003891393	3.71E-24	0.005858622	NA	NA	6
FBgn0005616	3.12E-31	0.69992082	4.40E-149	0.007374357	7.75E-09	0.042160696	0.005292266	NA	8
FBgn0005617	5.27E-34	0.71878316	1.07E-163	NA	2.88E-08	4.38E-06	0.010332358	NA	8
FBgn0005619	2.34E-26	0.626006041	6.32E-139	NA	3.66E-12	0.023039826	2.00E-06	NA	7
FBgn0005642	1.20E-36	0.745131515	3.30E-142	NA	8.22E-18	NA	2.75E-08	0.043164554	4
FBgn0005649	2.26E-30	0.690039273	1.15E-204	0.040597543	5.40E-17	0.004414697	NA	0.02366671	8
FBgn0005654	1.67E-36	0.743765689	4.61E-176	0.035334788	NA	0.017384647	2.30E-22	NA	1
FBgn0005660	8.24E-25	0.603777847	7.79E-08	NA	NA	7.44E-08	3.24E-12	0.00015665	8
FBgn0005670	3.12E-30	0.676333324	2.00E-116	1.46E-08	NA	0.004821662	4.27E-16	NA	6
FBgn0005672	3.12E-50	0.846271344	2.20E-172	NA	3.49E-20	0.000171118	1.15E-07	NA	8
FBgn0005674	1.69E-50	0.847784391	1.49E-175	NA	0.0001432	NA	4.30E-11	7.91E-21	8
FBgn0005695	1.50E-28	0.667957049	1.17E-177	5.44E-05	5.76E-16	3.51E-05	NA	0.000113585	1
FBgn0005696	1.35E-40	0.789066485	9.54E-158	3.45E-05	NA	0.00013311	2.48E-24	0.006674436	1
FBgn0008635	2.71E-32	0.711676181	1.41E-196	1.47E-05	1.79E-17	0.000142573	NA	0.001408413	6
FBgn0010019	2.66E-32	0.711778359	2.04E-171	0.006528205	7.51E-30	NA	9.02E-21	0.000781375	11
FBgn0010053	6.59E-47	0.833602277	5.33E-153	1.03E-25	2.01E-06	0.010690303	0.015503808	NA	9
FBgn0010113	5.10E-30	0.660120496	2.20E-146	NA	8.97E-17	8.60E-06	NA	NA	8
FBgn0010173	8.36E-32	0.706319548	7.45E-173	0.003567508	2.52E-11	0.008939669	4.58E-06	NA	8
FBgn0010222	1.07E-24	0.6286351	1.31E-77	0.007448068	1.06E-09	0.000951538	7.06E-13	0.013744714	5
FBgn0010225	7.33E-52	0.855308611	7.75E-200	NA	NA	2.18E-11	1.46E-25	0.001307893	5
FBgn0010235	7.73E-34	0.727983285	1.38E-207	0.007438536	NA	6.69E-08	3.58E-13	0.000155555	8
FBgn0010238	2.61E-40	0.78677441	2.65E-176	NA	2.70E-06	7.18E-05	5.18E-13	0.032434255	5
FBgn0010241	7.45E-27	0.632880165	4.92E-137	NA	2.96E-16	1.36E-22	7.52E-09	NA	9
FBgn0010265	2.88E-45	0.823028092	2.34E-201	0.031441944	0.001460707	0.003482504	0.048448637	NA	6
FBgn0010278	4.87E-49	0.839297911	2.32E-146	NA	9.11E-13	1.93E-06	0.008204566	NA	4
FBgn0010303	1.06E-31	0.693584314	1.69E-203	NA	NA	7.10E-06	1.51E-16	0.00828653	8
FBgn0010314	1.48E-31	0.691905763	1.01E-133	0.000342151	NA	0.000158132	2.91E-15	NA	1
FBgn0010315	1.35E-39	0.789530791	1.14E-125	0.00604168	3.23E-08	0.002102142	0.01115343	0.002753103	8
FBgn0010328	1.92E-44	0.824905633	9.26E-173	0.02341935	1.57E-11	0.00524787	0.000173332	0.011660468	4
FBgn0010333	6.34E-33	0.707228985	2.57E-205	NA	7.48E-22	0.000190838	NA	0.010397926	8
FBgn0010341	2.12E-29	0.666120118	9.12E-224	NA	NA	1.00E-06	1.13E-18	0.000200763	5
FBgn0010350	3.18E-32	0.710931344	5.84E-214	0.006332236	2.73E-18	3.29E-05	NA	0.000172314	1
FBgn0010352	2.14E-74	0.943657537	2.96E-205	0.038457978	8.35E-33	0.034365012	1.15E-16	0.047964224	7
FBgn0010379	1.25E-51	0.860634468	5.50E-191	2.02E-06	NA	2.97E-11	5.33E-28	2.06E-06	8
FBgn0010381	4.54E-31	0.70887195	1.55E-42	0.000218746	4.03E-08	2.86E-08	2.13E-11	1.34E-05	5
FBgn0010385	5.17E-37	0.748588796	NA	NA	NA	6.02E-17	4.21E-19	1.06E-10	5
FBgn0010395	1.90E-31	0.702340884	2.69E-120	0.048957875	2.93E-09	0.000231438	0.000413863	NA	8
FBgn0010397	2.50E-32	0.700660288	3.30E-182	4.40E-05	NA	6.63E-07	4.29E-13	NA	5
FBgn0010411	1.66E-44	0.809782154	7.33E-211	3.10E-05	7.24E-26	0.001661765	NA	NA	6
FBgn0010412	2.40E-33	0.711797999	1.36E-198	0.019795993	7.36E-19	0.032644913	NA	NA	6
FBgn0010415	1.88E-36	0.743287725	8.36E-183	NA	0.027991362	2.32E-12	4.68E-07	NA	5
FBgn0010434	1.65E-43	0.793228709	5.46E-237	NA	NA	6.26E-16	1.33E-21	NA	5
FBgn0010548	2.56E-24	0.610410586	2.35E-202	NA	6.35E-14	1.16E-09	4.45E-10	0.003469714	9
FBgn0010611	1.96E-50	0.854239307	2.74E-182	0.007492526	9.08E-29	3.05E-07	NA	1.15E-06	8
FBgn0010612	4.61E-64	0.908073903	1.99E-168	NA	2.41E-47	0.005198872	2.13E-34	NA	7
FBgn0010621	3.46E-62	0.910601915	5.32E-156	5.76E-07	3.49E-15	8.65E-07	6.90E-05	6.86E-05	4
FBgn0010774	3.43E-37	0.739050245	1.96E-210	NA	4.46E-26	0.001613481	NA	NA	8
FBgn0010812	1.41E-65	0.908296621	2.85E-173	NA	3.27E-49	4.59E-11	NA	NA	8
FBgn0010894	3.36E-37	0.750339701	5.47E-162	NA	NA	1.06E-05	3.55E-19	0.028890278	8
FBgn0010926	1.54E-25	0.627964441	1.32E-129	NA	6.58E-08	0.005360503	0.004294018	0.036523417	4
FBgn0011202	2.82E-42	0.801976298	1.31E-177	0.000149763	1.58E-16	0.000873716	1.63E-07	NA	4
FBgn0011205	5.54E-28	0.660789777	2.36E-180	9.49E-16	6.34E-17	NA	6.76E-08	1.31E-07	11
FBgn0011206	2.09E-48	0.83546559	4.53E-203	0.000479702	9.07E-30	0.002425038	NA	NA	1
FBgn0011227	7.26E-65	0.910776564	2.09E-166	NA	1.26E-43	6.37E-06	1.19E-29	NA	7
FBgn0011239	3.43E-37	0.760236394	3.47E-155	3.96E-06	NA	0.000393652	1.59E-24	0.002051335	1
FBgn0011244	2.96E-43	0.800714553	1.11E-188	0.000794958	NA	0.001004064	2.28E-26	NA	1
FBgn0011270	6.66E-48	0.832360238	2.01E-184	0.002190741	NA	0.002141434	4.35E-31	NA	1
FBgn0011272	3.55E-33	0.697450041	1.61E-220	NA	5.76E-20	1.51E-05	NA	NA	8
FBgn0011280	7.08E-30	0.695318119	1.89E-149	0.003493435	1.18E-05	0.000823768	0.015828315	0.003969319	4
FBgn0011284	1.42E-37	0.753775179	6.32E-217	5.91E-08	1.83E-21	NA	NA	0.009040252	6
FBgn0011286	9.85E-36	0.73631329	1.30E-148	NA	1.43E-32	0.021919171	1.22E-25	NA	3
FBgn0011290	4.33E-27	0.649152219	6.47E-151	0.045637999	5.87E-14	1.97E-05	NA	9.41E-05	4
FBgn0011296	4.07E-30	0.674940696	5.70E-156	NA	NA	0.002603875	2.45E-19	0.047440501	5
FBgn0011300	5.73E-28	0.660601867	1.57E-192	0.004898581	NA	0.00032992	2.67E-16	0.003764483	8
FBgn0011327	1.26E-33	0.714793082	5.48E-184	0.009770143	NA	0.001306371	2.98E-18	NA	1
FBgn0011476	1.36E-26	0.614412378	7.68E-157	NA	3.15E-16	0.001086332	NA	NA	1
FBgn0011556	1.71E-40	0.779149521	5.93E-143	0.002932513	NA	3.48E-13	3.25E-05	NA	10
FBgn0011559	7.42E-55	0.870557314	2.92E-182	9.23E-14	NA	NA	3.68E-24	7.04E-15	2
FBgn0011570	1.66E-36	0.753976777	3.98E-181	0.041751964	NA	1.36E-09	4.66E-16	1.98E-06	8
FBgn0011576	1.42E-49	0.85587358	6.14E-150	5.02E-09	1.26E-10	2.15E-06	1.15E-06	0.000104595	9
FBgn0011581	3.61E-34	0.720492879	2.10E-139	NA	7.97E-30	NA	1.25E-20	0.000455359	11
FBgn0011596	1.31E-40	0.769920135	3.26E-194	NA	NA	0.012098748	2.91E-31	NA	1
FBgn0011606	7.61E-44	0.805042295	9.13E-188	0.0345028	NA	0.005364469	5.71E-28	NA	1
FBgn0011638	1.47E-34	0.735272402	4.14E-157	NA	7.59E-08	0.000118601	0.030262084	0.007311496	4
FBgn0011661	8.10E-50	0.857193973	1.24E-193	0.000273304	0.020323125	0.002214289	0.038248456	0.009622928	8
FBgn0011668	7.14E-37	0.757348896	1.47E-151	1.12E-09	9.44E-14	1.03E-11	1.21E-19	NA	2
FBgn0011669	3.16E-26	0.637524568	1.08E-127	3.07E-05	1.83E-09	3.99E-08	2.01E-13	NA	2
FBgn0011670	1.67E-37	0.763050635	5.31E-141	2.64E-06	0.016770142	NA	7.22E-07	8.30E-10	2
FBgn0011674	5.23E-39	0.766586707	7.16E-125	NA	1.55E-17	6.72E-05	5.69E-09	NA	4
FBgn0011694	1.15E-49	0.849967505	3.24E-145	3.47E-12	0.005697723	9.75E-19	2.97E-09	NA	2
FBgn0011695	5.95E-48	0.846727997	5.00E-195	1.40E-08	1.55E-20	0.019427283	1.10E-10	0.049124821	4
FBgn0011703	1.13E-57	0.877302142	1.24E-103	NA	8.28E-37	4.87E-16	NA	NA	5
FBgn0011704	5.03E-43	0.807467049	6.34E-117	6.44E-05	3.72E-19	2.67E-12	NA	3.53E-09	4
FBgn0011725	3.44E-44	0.81571294	1.95E-206	0.000679222	NA	0.001852787	6.36E-28	0.039441993	1
FBgn0011726	1.98E-28	0.653830696	5.22E-203	NA	NA	0.000148129	1.60E-14	0.036708592	5
FBgn0011743	2.44E-39	0.778857782	3.85E-165	0.00072402	NA	0.002313225	5.01E-25	0.024526334	1
FBgn0011754	1.01E-28	0.670094074	7.43E-193	1.75E-06	7.53E-29	NA	3.10E-23	0.006611522	3
FBgn0011769	4.03E-53	0.868222945	1.09E-110	0.013138712	0.019255609	NA	0.01389565	5.88E-13	6
FBgn0011771	1.40E-24	0.614270691	7.25E-182	3.09E-07	NA	5.43E-06	9.21E-11	0.000635302	8
FBgn0011774	2.61E-42	0.802228962	1.36E-98	1.23E-06	1.79E-24	1.76E-07	NA	5.19E-06	8
FBgn0011818	1.66E-30	0.691580849	8.59E-176	0.003774323	NA	0.006511012	1.22E-18	0.038011017	1
FBgn0011823	1.62E-47	0.829929738	4.65E-206	0.000607163	NA	0.000679783	4.47E-30	NA	1
FBgn0013263	9.61E-32	0.681049465	4.01E-218	NA	3.88E-27	NA	NA	0.044027882	8
FBgn0013272	5.95E-40	0.774645967	2.79E-229	0.000961673	NA	3.17E-06	2.12E-20	NA	8
FBgn0013305	5.70E-55	0.877062062	8.57E-179	0.034880632	8.16E-20	2.10E-05	5.19E-07	NA	8
FBgn0013576	3.99E-26	0.622751859	9.77E-242	0.001313583	NA	2.95E-05	2.77E-10	NA	8
FBgn0013746	3.52E-37	0.760136634	1.14E-163	4.25E-05	5.58E-14	0.025985958	4.91E-06	NA	4
FBgn0013763	6.02E-28	0.660323722	8.15E-174	0.000521187	5.58E-05	1.55E-07	0.026961233	NA	4
FBgn0013765	1.78E-48	0.835895411	5.19E-207	0.00068268	1.49E-30	0.008224049	NA	NA	1
FBgn0013772	1.09E-57	0.883491914	2.03E-122	1.57E-38	1.73E-16	0.015432666	NA	NA	9
FBgn0013809	7.19E-44	0.79596526	5.68E-203	NA	NA	9.77E-05	3.72E-32	NA	1
FBgn0013810	6.04E-37	0.758010543	2.41E-180	0.045609931	NA	0.003729095	8.72E-23	0.03797105	1
FBgn0013811	5.40E-36	0.749194673	5.58E-169	0.000252946	NA	0.00261298	1.02E-22	0.020237516	1
FBgn0013813	5.37E-33	0.719218268	5.61E-168	0.004763529	NA	0.000766556	6.64E-19	0.015455116	1
FBgn0013949	1.96E-35	0.733367715	4.00E-121	1.76E-06	1.10E-09	0.000198568	NA	NA	8
FBgn0013984	3.75E-47	0.819205558	4.95E-183	NA	NA	3.55E-15	1.64E-26	NA	8
FBgn0013987	6.05E-35	0.716532498	3.18E-217	NA	2.30E-20	9.59E-07	NA	NA	5
FBgn0014001	6.11E-45	0.82083741	4.01E-191	2.30E-07	4.87E-24	1.20E-12	NA	1.67E-10	4
FBgn0014007	2.45E-33	0.699227258	6.98E-199	NA	4.52E-23	0.004544343	NA	NA	8
FBgn0014010	5.20E-28	0.634017382	1.24E-243	NA	5.31E-14	1.15E-06	NA	NA	8
FBgn0014018	9.40E-52	0.867292762	3.74E-142	0.000213969	0.006453138	1.31E-09	2.88E-07	6.18E-05	5
FBgn0014020	5.47E-57	0.886025039	8.63E-213	NA	0.031359597	4.13E-09	0.001641245	0.000589578	8
FBgn0014026	2.70E-43	0.801008919	6.12E-220	0.00764917	2.35E-26	0.012635309	NA	NA	6
FBgn0014028	1.32E-65	0.913198317	1.59E-189	NA	2.12E-48	0.031990063	1.08E-34	NA	7
FBgn0014029	4.46E-26	0.607008522	4.91E-188	NA	1.66E-17	0.018688	NA	NA	5
FBgn0014073	1.23E-28	0.642356385	3.10E-192	NA	NA	3.17E-07	9.10E-15	NA	8
FBgn0014133	2.08E-23	0.60983628	6.83E-178	0.000140441	5.26E-08	2.73E-05	5.19E-11	0.000914197	5
FBgn0014135	7.96E-27	0.61769074	1.39E-148	NA	NA	7.03E-15	1.34E-05	NA	8
FBgn0014189	2.32E-47	0.843249781	4.53E-153	0.000520343	1.09E-12	0.002912658	1.16E-05	0.031582836	4
FBgn0014388	8.26E-37	0.746674174	3.60E-161	NA	2.79E-17	3.06E-06	NA	0.037512754	8
FBgn0014427	3.57E-35	0.730760682	8.84E-161	NA	NA	0.000118898	6.57E-21	0.024194315	5
FBgn0014455	3.52E-56	0.882513924	3.88E-161	0.00188168	1.16E-14	0.00028465	0.005108302	NA	8
FBgn0014467	2.09E-23	0.609799195	1.10E-175	0.018997197	0.006038098	0.005880126	7.01E-06	0.032378787	8
FBgn0014863	1.19E-36	0.755328054	1.04E-174	5.01E-08	3.52E-30	NA	5.20E-23	0.031930425	3
FBgn0014865	1.65E-32	0.714016626	1.33E-13	NA	0.000293803	3.54E-17	4.94E-08	4.80E-11	5
FBgn0015008	2.06E-39	0.770071715	1.24E-168	0.001514459	NA	0.000358851	2.13E-22	NA	1
FBgn0015010	9.43E-46	0.82622081	1.58E-153	2.77E-18	3.50E-37	3.80E-07	3.98E-27	NA	11
FBgn0015019	3.61E-45	0.829665612	2.70E-156	0.006140111	6.04E-10	9.44E-05	0.000790894	0.000927441	4
FBgn0015031	4.51E-51	0.850999287	1.15E-164	NA	3.61E-37	0.001173328	2.77E-27	NA	7
FBgn0015036	4.01E-32	0.70983134	9.46E-113	0.011699729	4.00E-12	0.018091362	2.53E-06	NA	10
FBgn0015039	8.08E-52	0.867622574	6.92E-155	9.02E-06	2.76E-21	8.19E-06	5.93E-13	0.000129553	9
FBgn0015221	2.54E-40	0.767465493	3.05E-227	NA	NA	1.80E-10	3.58E-23	NA	5
FBgn0015222	3.11E-38	0.748877037	1.69E-229	NA	NA	1.15E-07	1.17E-23	NA	5
FBgn0015230	1.78E-35	0.733783498	9.91E-149	0.003093872	NA	0.001322382	9.03E-20	NA	1
FBgn0015279	1.79E-40	0.778970685	4.21E-165	NA	0.000233941	4.69E-11	9.14E-12	NA	5
FBgn0015286	1.66E-25	0.613942609	1.29E-197	NA	3.55E-15	3.42E-06	NA	0.000531251	8
FBgn0015288	3.92E-42	0.800907632	4.75E-210	3.23E-06	7.09E-13	NA	0.001363837	0.001956745	6
FBgn0015320	2.29E-25	0.625557808	8.64E-191	0.004722821	NA	0.002259418	1.50E-13	0.028305561	1
FBgn0015321	8.42E-28	0.645620628	3.51E-200	2.42E-06	6.43E-13	0.014639776	NA	NA	1
FBgn0015477	1.47E-44	0.801084943	4.56E-210	NA	1.28E-31	5.63E-05	NA	NA	8
FBgn0015513	2.34E-35	0.720800335	2.53E-228	NA	NA	1.05E-05	9.06E-23	NA	8
FBgn0015527	7.54E-28	0.659065411	2.34E-137	0.001133126	1.41E-14	4.88E-06	NA	2.76E-05	4
FBgn0015541	3.83E-24	0.607815796	8.37E-161	NA	4.27E-22	4.07E-07	3.72E-22	0.000175534	5
FBgn0015568	1.49E-27	0.642334309	1.26E-195	1.63E-14	NA	0.006536457	2.47E-08	NA	6
FBgn0015569	3.43E-40	0.785821634	6.27E-160	1.15E-16	2.34E-20	0.011159788	7.75E-16	NA	9
FBgn0015571	7.09E-45	0.820404589	9.90E-205	4.18E-05	NA	0.000176747	9.23E-29	0.005864035	1
FBgn0015574	3.56E-39	0.768029715	3.53E-168	0.005371855	NA	0.000997698	8.54E-23	NA	1
FBgn0015575	6.27E-29	0.684101298	5.32E-173	0.001560368	1.33E-06	0.018206014	0.001252842	0.00387577	6
FBgn0015584	4.03E-46	0.828611803	3.23E-159	1.15E-23	7.03E-09	NA	1.00E-14	7.41E-13	2
FBgn0015585	1.57E-29	0.68001766	1.04E-131	1.32E-17	0.004848839	6.55E-10	2.10E-05	NA	2
FBgn0015586	6.23E-36	0.738258406	5.95E-135	2.05E-05	NA	NA	4.13E-13	2.46E-08	2
FBgn0015591	4.45E-29	0.662105446	1.32E-147	NA	8.42E-17	2.00E-07	NA	0.000149627	4
FBgn0015623	1.62E-40	0.788430144	2.13E-200	5.39E-07	3.13E-34	NA	7.82E-21	6.85E-14	11
FBgn0015756	1.98E-40	0.77861847	2.41E-211	0.000600752	3.04E-24	0.027625896	NA	NA	6
FBgn0015765	5.88E-27	0.634281226	2.83E-127	0.005540949	4.26E-11	0.000351019	NA	NA	8
FBgn0015766	3.29E-37	0.760408895	5.86E-232	0.003714322	3.91E-07	7.94E-07	0.031932806	NA	8
FBgn0015773	1.11E-37	0.764636128	6.18E-135	NA	1.76E-09	1.50E-06	0.001016817	0.004570712	4
FBgn0015803	3.82E-38	0.758962338	9.94E-201	NA	NA	1.14E-08	1.60E-22	0.000103865	5
FBgn0015805	1.12E-33	0.715332816	8.88E-156	NA	3.23E-23	NA	3.35E-12	6.59E-05	8
FBgn0016031	1.40E-25	0.628558614	1.28E-181	NA	1.47E-25	5.42E-09	9.13E-21	3.13E-05	3
FBgn0016059	1.17E-33	0.715130077	5.83E-203	NA	1.10E-28	NA	4.90E-23	0.000865628	7
FBgn0016075	7.72E-28	0.646117639	4.81E-129	NA	1.47E-24	0.017452363	3.66E-18	NA	3
FBgn0016076	1.64E-38	0.771851628	7.53E-123	5.72E-05	1.11E-12	0.000107744	1.83E-05	NA	4
FBgn0016078	3.66E-38	0.759125375	3.87E-194	NA	NA	2.75E-09	7.09E-12	0.010136726	8
FBgn0016123	3.48E-27	0.650414058	7.59E-167	NA	1.61E-27	0.000950114	4.26E-24	0.038229993	11
FBgn0016641	3.48E-29	0.675828679	2.68E-201	0.004310518	NA	0.003142312	1.01E-18	0.011767435	6
FBgn0016975	7.09E-35	0.727760246	1.68E-181	NA	4.97E-32	NA	1.65E-23	0.000590538	7
FBgn0016983	5.51E-31	0.697114868	3.34E-155	0.000603958	3.12E-14	0.005879158	2.86E-08	NA	4
FBgn0017545	1.90E-31	0.690665047	9.36E-223	6.28E-05	1.68E-15	0.004105589	NA	NA	6
FBgn0017557	4.78E-29	0.647737416	1.02E-135	NA	NA	0.034666878	3.41E-21	NA	1
FBgn0017566	2.34E-51	0.852574466	6.89E-174	NA	8.12E-40	0.043768616	4.38E-30	NA	7
FBgn0017567	4.30E-36	0.739827393	9.00E-178	NA	3.86E-25	5.16E-09	6.11E-21	NA	7
FBgn0019637	5.86E-31	0.696806185	2.95E-131	0.018070726	4.22E-15	0.01636447	7.57E-09	NA	4
FBgn0019643	3.98E-38	0.768530206	1.26E-173	2.57E-11	3.15E-15	0.000548002	2.34E-08	NA	7
FBgn0019828	6.60E-38	0.756821491	5.41E-184	0.001655465	NA	0.001152976	9.69E-22	NA	1
FBgn0019936	5.58E-55	0.871150326	2.97E-212	1.63E-09	6.30E-35	0.002352422	NA	NA	6
FBgn0019948	6.81E-32	0.695763699	8.90E-182	NA	1.22E-18	0.030939489	1.90E-11	NA	4
FBgn0019960	3.59E-56	0.876734691	1.52E-203	NA	3.13E-35	0.00160995	5.72E-22	NA	7
FBgn0020224	2.71E-33	0.711220809	8.71E-199	NA	1.32E-18	1.11E-06	NA	0.002060534	8
FBgn0020255	1.54E-25	0.627987557	1.96E-217	0.016678588	2.99E-13	1.13E-08	NA	5.39E-09	8
FBgn0020278	8.80E-33	0.693016154	5.36E-194	NA	NA	1.25E-08	2.91E-17	NA	5
FBgn0020279	2.20E-26	0.611424267	2.68E-246	NA	1.78E-13	7.63E-06	NA	NA	8
FBgn0020300	2.66E-42	0.802166987	1.01E-165	3.75E-11	0.029163976	5.29E-06	2.38E-09	NA	1
FBgn0020306	5.07E-27	0.635161217	2.58E-204	NA	1.63E-19	0.000898161	NA	0.006602266	8
FBgn0020309	5.04E-35	0.729256075	5.87E-206	NA	NA	0.000275079	3.81E-23	0.012697498	8
FBgn0020371	8.19E-39	0.774431232	3.10E-156	0.017143391	NA	0.004329576	4.34E-25	0.031755025	1
FBgn0020381	9.93E-28	0.657529338	3.83E-136	0.003753761	8.99E-12	0.01638914	2.04E-06	NA	4
FBgn0020385	8.76E-41	0.771398608	3.48E-197	NA	NA	1.20E-08	2.38E-25	NA	5
FBgn0020388	1.05E-50	0.848946952	1.15E-168	NA	1.43E-19	0.00060639	8.59E-07	NA	8
FBgn0020407	2.17E-45	0.815928161	2.93E-182	0.032050919	NA	0.000600226	4.51E-28	NA	1
FBgn0020414	8.54E-54	0.8715165	6.26E-185	8.11E-07	5.37E-28	8.39E-08	NA	0.000801189	8
FBgn0020415	3.16E-37	0.750576576	1.31E-163	0.004611345	1.68E-15	6.89E-07	NA	NA	5
FBgn0020416	9.10E-39	0.764486596	8.34E-127	0.005368844	1.78E-19	9.20E-05	NA	NA	5
FBgn0020493	2.77E-44	0.808195399	3.72E-199	NA	NA	1.23E-07	1.80E-30	0.000115328	8
FBgn0020497	3.52E-30	0.675693849	1.48E-201	NA	8.77E-13	NA	1.28E-05	0.027752068	8
FBgn0020508	2.97E-46	0.829463955	1.16E-128	1.61E-05	6.42E-29	4.45E-07	NA	6.52E-06	1
FBgn0020509	4.66E-30	0.660613713	3.54E-140	NA	1.12E-15	NA	NA	8.48E-05	2
FBgn0020618	8.10E-31	0.683320852	3.33E-228	0.004544596	NA	0.003634342	1.38E-16	NA	6
FBgn0020621	1.78E-38	0.761924944	5.14E-192	NA	8.67E-11	0.001816599	0.004819304	NA	8
FBgn0020907	4.11E-32	0.709706337	2.22E-166	NA	4.26E-08	1.21E-10	0.004709412	9.86E-08	10
FBgn0020910	7.85E-46	0.826737896	2.41E-222	7.82E-10	3.98E-11	NA	0.041718534	0.002103055	6
FBgn0021760	1.45E-40	0.788818646	9.80E-204	0.000469884	NA	0.000330461	6.30E-26	0.00564438	1
FBgn0021872	1.41E-65	0.913101078	1.58E-210	NA	1.70E-31	1.01E-08	3.42E-14	NA	8
FBgn0021873	1.30E-26	0.642758008	1.78E-204	1.14E-09	NA	4.29E-07	2.27E-12	4.61E-05	1
FBgn0021895	6.74E-39	0.775147925	1.59E-170	0.021574199	1.24E-23	5.30E-06	NA	2.35E-05	8
FBgn0021906	9.82E-66	0.913611882	3.50E-177	NA	3.09E-49	0.009365675	4.18E-36	NA	7
FBgn0022029	1.02E-45	0.826009914	1.41E-146	0.000830956	2.48E-11	0.00026617	0.010254826	NA	8
FBgn0022213	1.03E-45	0.818121277	2.24E-151	NA	1.02E-20	0.002066077	2.24E-09	NA	4
FBgn0022355	1.24E-41	0.805198426	5.94E-118	6.07E-09	7.76E-06	2.61E-05	0.026383464	0.004328173	4
FBgn0022359	1.61E-27	0.654813367	3.62E-152	9.83E-14	NA	1.62E-06	3.49E-11	0.000124246	1
FBgn0022382	7.13E-27	0.646278006	4.16E-207	6.10E-07	1.87E-09	0.003817414	4.25E-05	NA	1
FBgn0022700	2.73E-37	0.751177556	7.43E-97	NA	NA	1.57E-09	1.19E-17	0.000313056	8
FBgn0022720	8.17E-29	0.671264469	1.22E-165	0.033182976	4.84E-12	0.021223093	2.77E-06	NA	4
FBgn0022942	3.89E-49	0.839878873	4.45E-175	NA	9.67E-20	0.015150644	5.60E-07	NA	8
FBgn0023023	4.09E-29	0.662560908	1.78E-172	NA	0.001221978	3.33E-07	1.42E-08	NA	5
FBgn0023076	1.37E-31	0.692296288	4.90E-192	0.012353906	NA	0.003900288	2.76E-17	NA	1
FBgn0023172	5.70E-35	0.739336182	9.06E-221	0.028713166	NA	0.000337143	5.49E-17	0.033599225	8
FBgn0023174	1.56E-29	0.680061942	9.21E-194	NA	7.37E-10	0.001970298	0.002154884	0.004034229	4
FBgn0023197	2.06E-43	0.792495463	1.10E-172	3.73E-43	NA	NA	NA	2.46E-05	12
FBgn0023212	1.03E-23	0.601412008	1.68E-196	5.21E-13	6.60E-20	NA	7.52E-15	1.28E-07	11
FBgn0023415	4.58E-32	0.709197997	1.43E-150	9.62E-05	1.99E-30	NA	1.39E-22	0.013758273	11
FBgn0023441	4.16E-36	0.750256875	1.04E-196	7.30E-12	5.97E-20	NA	9.57E-08	1.56E-05	4
FBgn0023479	1.23E-37	0.754373192	2.08E-195	NA	2.23E-14	4.72E-05	2.04E-06	NA	8
FBgn0023527	2.89E-32	0.699946465	1.50E-117	NA	1.05E-10	0.014349324	0.000641481	NA	8
FBgn0023541	1.00E-23	0.614549275	1.85E-88	0.031723285	1.97E-05	0.000582414	0.000117743	0.006510168	9
FBgn0024183	6.67E-33	0.718219342	8.24E-207	8.97E-05	2.14E-13	0.009940906	7.87E-07	NA	1
FBgn0024232	1.03E-35	0.756072958	5.35E-132	2.43E-06	1.80E-21	0.006055702	7.68E-15	0.017459326	7
FBgn0024234	5.28E-45	0.813266089	1.01E-175	NA	3.72E-17	6.37E-07	2.76E-07	NA	8
FBgn0024238	2.34E-52	0.864387708	5.62E-203	NA	0.004693984	4.38E-18	9.90E-09	5.37E-08	8
FBgn0024291	6.06E-35	0.728447304	6.75E-174	NA	1.07E-14	4.43E-05	1.71E-07	NA	4
FBgn0024293	5.80E-32	0.708072988	3.24E-172	2.29E-14	5.30E-09	1.69E-05	4.26E-05	NA	4
FBgn0024294	4.03E-27	0.621836536	6.40E-115	NA	NA	3.61E-12	2.19E-08	NA	10
FBgn0024329	3.63E-38	0.768878574	5.03E-176	8.66E-06	7.30E-09	0.009149161	0.02984997	NA	6
FBgn0024352	1.88E-35	0.753616137	2.42E-151	0.008146809	3.37E-12	0.005706323	6.97E-07	0.008530745	4
FBgn0024361	1.13E-36	0.755516734	8.78E-164	5.45E-05	NA	4.26E-17	1.69E-14	2.60E-13	8
FBgn0024365	9.25E-36	0.746972924	3.77E-170	NA	2.91E-11	0.003131619	0.001306922	0.016962123	8
FBgn0024754	1.41E-29	0.668323889	8.78E-186	1.41E-07	7.01E-12	0.000241283	NA	NA	6
FBgn0024814	6.14E-27	0.634024975	2.12E-219	NA	8.27E-12	5.76E-05	NA	0.046264782	5
FBgn0024891	1.83E-82	0.956140706	1.01E-154	0.035478607	2.14E-30	2.65E-06	5.23E-05	NA	8
FBgn0024947	9.19E-33	0.716739991	4.01E-169	3.58E-16	9.50E-07	NA	5.64E-12	0.016846042	6
FBgn0024957	2.94E-24	0.62233961	2.51E-169	0.005290081	2.76E-18	0.000106502	1.90E-13	0.020218971	9
FBgn0024985	1.08E-50	0.85564279	2.63E-203	0.040348559	NA	1.04E-09	4.58E-32	3.69E-07	8
FBgn0024992	1.18E-51	0.854194178	1.51E-209	0.003382925	NA	NA	4.87E-26	7.27E-10	6
FBgn0025111	5.22E-44	0.797005128	1.82E-201	NA	NA	0.000327097	8.15E-33	NA	1
FBgn0025366	1.06E-34	0.736665849	1.39E-157	0.00010986	8.30E-18	0.001935491	2.97E-11	NA	4
FBgn0025378	5.87E-33	0.70759294	1.57E-140	0.019970943	NA	0.020832419	1.54E-19	NA	1
FBgn0025463	4.69E-31	0.697908599	4.19E-154	0.003292844	4.05E-18	0.036395851	4.96E-12	NA	4
FBgn0025573	2.83E-32	0.700049318	5.47E-145	0.005948006	NA	0.023158216	5.62E-19	NA	1
FBgn0025583	4.31E-36	0.759544851	2.91E-82	4.06E-05	3.04E-05	1.97E-06	1.97E-09	0.000611522	5
FBgn0025612	2.36E-34	0.722418309	3.61E-146	0.002075257	NA	0.001288274	8.44E-19	NA	1
FBgn0025624	7.70E-27	0.63268364	1.57E-141	NA	1.60E-10	0.000573966	2.23E-05	NA	8
FBgn0025628	1.58E-38	0.762380271	8.05E-180	NA	6.03E-12	9.98E-05	0.000407902	NA	6
FBgn0025631	7.81E-53	0.860449804	1.68E-183	NA	0.000750453	0.000274438	0.003798811	NA	6
FBgn0025642	1.79E-28	0.654387287	4.49E-125	0.001233905	NA	0.020226038	1.04E-15	NA	1
FBgn0025643	3.64E-31	0.699161128	7.70E-124	7.38E-06	NA	5.01E-07	7.18E-18	2.11E-05	6
FBgn0025687	6.46E-33	0.707142812	5.36E-134	NA	NA	4.43E-08	3.74E-15	0.0011649	8
FBgn0025692	1.50E-26	0.628704362	2.40E-121	NA	6.19E-12	0.013530817	2.95E-06	NA	8
FBgn0025702	5.01E-26	0.634781586	3.24E-180	NA	1.62E-24	1.16E-05	2.59E-18	0.005437336	3
FBgn0025720	3.97E-29	0.675123995	3.52E-154	0.000362393	9.51E-13	NA	5.94E-06	0.018139055	4
FBgn0025725	3.55E-32	0.698954043	1.06E-221	NA	2.57E-22	1.01E-06	NA	7.34E-05	8
FBgn0025821	9.38E-37	0.734809978	2.32E-171	NA	NA	0.00019769	1.74E-25	NA	1
FBgn0025836	1.15E-28	0.669423944	1.04E-198	NA	7.10E-09	0.000702137	0.002297202	0.008512923	8
FBgn0025839	1.77E-67	0.919034984	1.87E-168	NA	8.90E-50	NA	4.65E-34	0.005959971	7
FBgn0025864	8.84E-37	0.74639711	3.01E-230	NA	NA	0.001129997	1.85E-25	0.020794964	8
FBgn0025865	1.57E-35	0.734315132	1.39E-196	NA	3.81E-23	1.22E-06	NA	0.000462486	8
FBgn0025866	6.44E-46	0.827297143	5.32E-205	0.000326981	NA	0.000145249	1.08E-25	0.03659032	6
FBgn0025878	1.46E-37	0.763565791	9.52E-128	NA	3.74E-21	0.000265686	2.65E-10	0.011587397	4
FBgn0025879	6.71E-49	0.845597435	1.96E-179	NA	3.35E-12	9.28E-05	0.007315712	0.018958031	4
FBgn0026061	3.14E-46	0.829305717	4.18E-176	NA	1.75E-26	1.92E-05	6.75E-16	0.000984433	7
FBgn0026063	1.15E-39	0.772234418	3.52E-156	2.72E-05	NA	4.38E-05	2.31E-21	NA	1
FBgn0026079	7.72E-36	0.747720781	1.47E-141	1.17E-16	4.11E-16	5.25E-10	NA	3.30E-09	4
FBgn0026084	5.07E-58	0.890357315	3.16E-194	9.62E-05	NA	2.95E-16	1.52E-33	6.06E-11	8
FBgn0026136	1.76E-29	0.667133526	5.28E-134	0.000363329	NA	0.00243268	4.17E-15	NA	1
FBgn0026147	4.85E-44	0.814682449	3.47E-176	0.001223482	0.039106054	0.003594969	0.002939107	NA	1
FBgn0026160	4.98E-27	0.648345137	8.87E-217	8.80E-10	NA	0.000437221	2.15E-13	0.004916527	1
FBgn0026176	2.25E-52	0.858041841	3.36E-155	NA	9.22E-25	0.038471294	1.61E-10	NA	1
FBgn0026179	2.05E-32	0.688828678	5.02E-231	NA	NA	8.75E-07	8.49E-19	NA	5
FBgn0026189	9.17E-53	0.860085977	1.30E-208	0.006478345	1.48E-34	0.00795742	NA	NA	1
FBgn0026252	1.15E-48	0.850811523	5.54E-155	0.001089647	7.57E-10	0.000812605	0.007508025	0.003851178	4
FBgn0026314	7.92E-57	0.885336819	1.97E-196	2.45E-13	NA	5.92E-13	4.45E-17	9.48E-11	10
FBgn0026323	2.52E-28	0.665139103	1.87E-173	NA	0.005944952	8.44E-05	3.96E-07	0.00789372	5
FBgn0026369	4.35E-43	0.799468647	1.96E-204	NA	7.10E-16	NA	4.29E-06	9.07E-06	4
FBgn0026370	3.68E-45	0.814357611	2.67E-232	NA	NA	4.34E-10	3.38E-31	1.88E-06	1
FBgn0026372	3.40E-41	0.784831274	5.71E-215	0.00062354	3.83E-25	0.039525182	NA	NA	6
FBgn0026409	8.72E-44	0.804611236	1.39E-231	NA	2.07E-25	3.45E-05	4.74E-16	NA	7
FBgn0026415	3.55E-53	0.862214833	1.79E-202	0.005276925	2.01E-23	4.54E-13	NA	NA	8
FBgn0026418	1.93E-33	0.723873361	2.47E-207	NA	2.32E-16	1.01E-05	8.40E-09	0.00013896	4
FBgn0026439	2.52E-32	0.700622318	2.13E-185	NA	8.18E-20	NA	2.31E-12	0.002241899	7
FBgn0026563	2.38E-44	0.808674518	1.39E-192	0.006535903	NA	0.003537636	3.78E-28	NA	1
FBgn0026721	1.15E-29	0.681675201	3.80E-179	NA	0.039975428	9.16E-08	0.000367966	0.005108326	5
FBgn0026738	1.06E-25	0.630259313	1.46E-164	1.22E-05	NA	0.007316629	3.95E-15	0.025390581	1
FBgn0026874	2.72E-32	0.687431702	1.49E-173	NA	NA	0.043941407	2.77E-24	NA	1
FBgn0027070	6.98E-39	0.765492037	3.55E-152	6.08E-09	NA	5.63E-06	8.83E-09	NA	5
FBgn0027086	3.28E-39	0.757756158	1.19E-206	NA	NA	1.67E-05	9.23E-27	NA	8
FBgn0027088	1.54E-50	0.848014497	5.13E-187	2.62E-05	1.19E-32	0.017835622	NA	NA	6
FBgn0027094	1.84E-57	0.88251113	1.57E-195	NA	4.09E-18	0.000368496	0.0009582	NA	8
FBgn0027109	2.35E-36	0.761939781	8.41E-49	0.017957451	4.29E-13	0.010855793	3.85E-07	0.007636402	4
FBgn0027280	8.63E-29	0.644388975	6.39E-213	NA	3.93E-16	2.24E-05	NA	NA	8
FBgn0027329	5.24E-52	0.868563331	3.53E-156	0.000133993	2.65E-12	6.68E-05	0.000184796	0.001114448	4
FBgn0027375	1.55E-25	0.61436604	5.71E-132	NA	7.68E-13	NA	1.36E-07	0.00038899	4
FBgn0027376	1.97E-44	0.817378738	1.54E-186	0.005733055	NA	0.000621087	2.40E-27	0.02494716	1
FBgn0027493	1.59E-59	0.891185823	2.00E-206	NA	2.89E-05	1.25E-08	0.009516018	NA	8
FBgn0027505	2.73E-39	0.758468029	1.98E-208	NA	NA	0.010529982	6.26E-30	NA	1
FBgn0027508	2.47E-32	0.687911005	4.12E-207	NA	4.74E-23	0.019562549	NA	NA	8
FBgn0027512	9.41E-41	0.781262911	5.02E-197	0.005500236	NA	0.016583358	6.76E-26	NA	1
FBgn0027515	1.37E-27	0.642792281	1.26E-201	NA	1.68E-25	NA	3.87E-18	1.65E-05	3
FBgn0027554	7.55E-35	0.727484364	4.40E-202	0.006533184	NA	0.026456902	3.46E-21	NA	1
FBgn0027567	1.05E-26	0.630808416	1.54E-207	NA	5.77E-11	0.023089231	3.06E-05	NA	4
FBgn0027568	8.35E-37	0.746633293	5.60E-215	5.45E-05	NA	0.007651505	1.37E-21	NA	1
FBgn0027569	3.32E-41	0.793842917	5.27E-165	0.021629623	1.48E-22	0.000190123	NA	0.007497092	8
FBgn0027571	1.15E-25	0.62977802	2.54E-174	0.000343806	6.05E-19	NA	1.56E-10	0.017530846	8
FBgn0027579	2.48E-43	0.801288797	5.06E-166	0.00740585	2.67E-22	NA	NA	1.33E-05	8
FBgn0027582	1.25E-33	0.71480576	1.79E-210	0.006740707	NA	0.038284002	1.91E-20	NA	1
FBgn0027584	8.57E-58	0.883950041	7.92E-59	NA	2.04E-36	6.07E-22	NA	2.99E-13	8
FBgn0027598	2.43E-38	0.749868184	6.35E-221	NA	3.96E-23	2.71E-07	NA	NA	8
FBgn0027608	4.59E-62	0.905786655	4.47E-207	0.000123626	6.65E-37	NA	5.04E-19	0.045405977	7
FBgn0027615	2.59E-37	0.751382897	1.88E-187	0.000315519	NA	0.00240146	1.53E-21	NA	1
FBgn0027616	5.16E-26	0.634594295	3.57E-164	0.001685755	6.22E-10	0.018984533	4.25E-05	NA	4
FBgn0027619	1.41E-55	0.879826036	4.59E-200	NA	1.44E-17	0.000260181	0.000975113	0.001893014	8
FBgn0027655	1.80E-35	0.721968505	9.33E-212	NA	3.32E-20	2.17E-07	NA	NA	8
FBgn0027657	1.79E-24	0.612695409	2.20E-175	NA	0.002366602	9.36E-08	1.67E-05	2.15E-07	6
FBgn0027795	1.11E-45	0.809124575	5.68E-203	NA	NA	0.000485015	1.21E-34	NA	1
FBgn0027835	4.36E-40	0.775778282	9.74E-231	NA	NA	1.47E-06	4.86E-24	0.003212768	8
FBgn0027836	2.37E-70	0.927234979	4.03E-153	NA	0.000193166	3.43E-09	1.91E-24	NA	6
FBgn0027843	2.02E-57	0.88785703	2.62E-176	9.84E-16	NA	1.24E-20	1.76E-26	5.25E-12	8
FBgn0027866	4.19E-33	0.720355701	1.03E-179	0.009955352	9.60E-17	0.026786982	8.41E-10	NA	4
FBgn0027929	1.59E-28	0.655042159	4.28E-38	NA	4.58E-06	7.97E-21	3.57E-07	NA	5
FBgn0028331	1.04E-27	0.644424066	2.86E-211	NA	9.45E-08	1.35E-09	2.88E-12	NA	5
FBgn0028341	5.99E-30	0.672894723	9.49E-217	NA	1.77E-16	1.38E-06	NA	0.001384104	8
FBgn0028343	2.37E-25	0.611704575	1.19E-181	0.005094725	NA	1.16E-05	3.19E-09	NA	6
FBgn0028372	3.95E-41	0.793255595	1.37E-180	5.01E-05	NA	0.000170591	4.96E-25	0.007146454	1
FBgn0028377	1.23E-27	0.643418572	4.62E-135	0.006519303	NA	0.03482698	1.29E-15	NA	1
FBgn0028379	4.86E-42	0.800209085	7.17E-170	1.98E-05	NA	0.005405616	5.12E-27	0.048580342	1
FBgn0028381	3.22E-28	0.663794771	9.32E-156	0.008944131	1.06E-09	8.12E-07	NA	0.000131168	8
FBgn0028394	4.36E-29	0.674624397	4.34E-156	NA	2.29E-10	0.00650937	0.000436828	0.025883815	4
FBgn0028397	6.89E-45	0.812464638	8.14E-210	NA	2.47E-21	0.008374829	4.70E-10	NA	1
FBgn0028401	2.20E-29	0.665936788	1.41E-178	NA	NA	7.26E-06	1.23E-16	0.002905867	5
FBgn0028407	1.90E-26	0.627281638	4.90E-113	0.001369451	4.32E-11	0.000690173	NA	NA	1
FBgn0028411	7.79E-39	0.754378432	1.80E-109	NA	2.40E-25	1.37E-05	NA	NA	8
FBgn0028412	2.73E-41	0.794496169	5.45E-178	2.63E-05	NA	0.001650715	1.13E-25	0.029314962	1
FBgn0028426	3.15E-35	0.741855186	2.94E-118	2.22E-07	6.01E-12	8.72E-07	NA	0.002185908	4
FBgn0028427	6.92E-28	0.632342642	1.00E-197	NA	NA	3.41E-06	3.48E-15	NA	5
FBgn0028480	1.92E-29	0.67896585	2.26E-189	0.007117084	2.05E-26	5.63E-07	3.57E-18	NA	11
FBgn0028487	2.06E-32	0.701604894	1.64E-194	0.001184924	NA	0.040249581	2.66E-19	NA	1
FBgn0028490	8.82E-49	0.837745984	2.93E-223	0.010985973	NA	2.42E-12	1.77E-16	NA	8
FBgn0028509	3.40E-30	0.687944649	2.64E-173	3.80E-07	1.70E-25	NA	2.67E-24	1.68E-08	3
FBgn0028513	7.36E-44	0.80514847	6.48E-193	0.000427659	NA	0.003935019	1.24E-27	NA	1
FBgn0028515	2.09E-59	0.884884158	3.99E-199	NA	3.92E-38	4.96E-17	NA	NA	8
FBgn0028520	1.39E-30	0.680546356	6.04E-127	0.030604185	NA	0.000439616	4.14E-15	NA	1
FBgn0028526	9.87E-34	0.726895512	1.75E-154	1.93E-08	4.57E-11	3.18E-07	2.67E-06	NA	4
FBgn0028527	1.08E-37	0.743815807	9.00E-206	NA	2.08E-20	2.17E-09	NA	NA	8
FBgn0028531	2.01E-51	0.859552423	1.68E-183	2.66E-06	NA	3.05E-05	2.80E-34	0.00197172	1
FBgn0028533	1.09E-31	0.693449205	4.40E-188	1.89E-20	NA	0.000935502	1.36E-06	NA	12
FBgn0028534	9.15E-30	0.682845004	4.18E-176	1.99E-10	NA	0.026913646	0.000228063	0.000380728	12
FBgn0028543	1.57E-48	0.836226909	3.33E-183	NA	NA	2.97E-12	6.78E-20	0.000992249	5
FBgn0028560	4.90E-48	0.833190638	1.21E-191	0.000152235	NA	0.000197343	6.76E-30	NA	1
FBgn0028561	9.67E-33	0.692556213	7.14E-140	NA	NA	0.001165104	1.44E-22	NA	1
FBgn0028567	1.50E-46	0.831362754	1.73E-178	1.88E-05	NA	8.27E-05	4.38E-29	0.006519551	1
FBgn0028570	8.12E-34	0.716803984	5.69E-135	0.013057344	NA	0.012702893	7.11E-20	NA	1
FBgn0028572	3.97E-32	0.709878782	8.99E-193	0.004321086	1.75E-08	0.012879177	0.00842108	NA	1
FBgn0028579	3.33E-40	0.766461717	5.06E-203	NA	6.14E-29	0.001618443	NA	NA	1
FBgn0028581	1.16E-25	0.600943732	9.35E-172	NA	NA	0.000128566	5.70E-15	NA	1
FBgn0028583	5.85E-24	0.605088173	1.04E-123	9.68E-06	6.39E-25	0.003555982	6.17E-22	NA	11
FBgn0028646	7.19E-24	0.603742323	3.97E-164	5.57E-05	0.011129178	7.21E-05	3.49E-06	NA	5
FBgn0028669	6.45E-42	0.79053815	6.48E-172	0.001654663	NA	0.000180552	2.91E-24	NA	1
FBgn0028737	5.21E-27	0.635000292	1.04E-215	6.60E-13	NA	2.67E-07	1.00E-06	NA	6
FBgn0028744	5.25E-26	0.634496929	4.27E-124	0.001691396	2.72E-15	7.61E-06	NA	6.62E-06	4
FBgn0028838	1.46E-39	0.771342241	1.43E-159	2.27E-06	NA	0.000291068	5.47E-22	NA	1
FBgn0028847	2.16E-43	0.801723842	5.64E-179	0.001618456	NA	0.005047052	1.97E-27	NA	1
FBgn0028848	1.91E-43	0.802118495	3.43E-184	2.57E-05	NA	0.001603201	1.46E-26	NA	1
FBgn0028850	2.78E-42	0.783673773	8.61E-190	NA	NA	0.045531951	1.28E-33	NA	1
FBgn0028852	8.22E-30	0.657516308	4.96E-159	NA	NA	6.52E-05	2.22E-18	NA	1
FBgn0028856	4.98E-30	0.685994066	1.24E-145	0.023710219	NA	0.004638892	4.15E-18	0.030994601	1
FBgn0028857	3.39E-37	0.760281297	1.60E-162	0.043205101	NA	4.29E-05	7.81E-23	0.000912251	1
FBgn0028858	1.64E-38	0.762228713	3.21E-146	4.15E-06	NA	9.53E-05	1.41E-20	NA	1
FBgn0028868	1.92E-43	0.802106445	1.24E-175	0.010531771	NA	0.000832892	1.69E-26	NA	1
FBgn0028870	5.66E-45	0.813058144	7.95E-194	7.45E-08	NA	0.000798542	4.54E-27	NA	1
FBgn0028880	1.04E-34	0.73678041	1.02E-147	2.86E-05	NA	6.02E-05	1.29E-19	0.002984703	1
FBgn0028892	6.87E-43	0.79798558	1.77E-177	0.000184525	NA	0.001612944	3.28E-26	NA	1
FBgn0028893	7.27E-39	0.774873031	6.81E-165	0.013247383	NA	0.002851797	4.55E-25	0.02343897	1
FBgn0028896	6.76E-32	0.682837167	1.02E-155	NA	NA	0.008243408	7.13E-23	NA	1
FBgn0028900	4.81E-31	0.685987198	1.25E-153	0.003889377	NA	0.006659386	3.90E-17	NA	1
FBgn0028901	1.87E-34	0.72344585	9.64E-175	0.013236849	NA	0.002153886	3.01E-19	NA	1
FBgn0028902	2.41E-45	0.823543713	3.70E-182	0.00548355	NA	0.000882918	5.15E-30	0.013128674	1
FBgn0028903	6.38E-37	0.747729677	9.95E-169	0.005259546	NA	0.00267732	1.95E-21	NA	1
FBgn0028920	6.87E-39	0.765552227	2.11E-189	6.29E-32	NA	NA	6.62E-06	0.038662886	12
FBgn0028935	7.86E-38	0.75612812	3.16E-164	6.87E-07	NA	0.003139624	1.84E-21	NA	1
FBgn0028940	6.50E-37	0.757721596	5.89E-160	2.27E-06	2.47E-32	5.37E-11	NA	1.11E-07	6
FBgn0028942	2.81E-38	0.769847556	1.81E-154	0.000974662	NA	0.001330878	2.51E-25	0.008270434	1
FBgn0028944	4.07E-33	0.720490706	2.42E-115	4.09E-11	3.23E-13	2.22E-12	1.61E-17	NA	2
FBgn0028974	1.63E-37	0.763142912	3.42E-194	0.002762358	NA	0.004591971	3.55E-23	0.048450465	1
FBgn0028978	3.97E-27	0.636604151	2.69E-176	0.005068868	NA	NA	1.61E-09	1.10E-05	6
FBgn0028979	6.25E-45	0.803782123	6.25E-206	NA	NA	2.79E-05	1.06E-32	NA	1
FBgn0028983	1.48E-25	0.614670028	1.53E-146	NA	3.17E-18	0.004453632	NA	0.025292719	8
FBgn0028984	1.45E-35	0.754673569	3.66E-128	0.000209935	2.02E-06	0.00016865	0.003627037	0.007428386	4
FBgn0028990	7.66E-34	0.704780776	1.75E-187	NA	NA	1.69E-09	1.94E-17	NA	5
FBgn0029084	2.87E-39	0.768838457	6.56E-164	0.015108024	NA	0.00761951	3.83E-24	NA	1
FBgn0029093	1.16E-40	0.780535979	1.31E-210	NA	9.26E-17	0.038024381	1.03E-06	NA	8
FBgn0029134	7.08E-35	0.738414556	2.92E-190	NA	2.56E-09	4.16E-05	0.020754005	0.000204577	4
FBgn0029153	2.18E-46	0.822646681	1.79E-186	0.00061041	NA	0.004629132	4.72E-30	NA	1
FBgn0029154	1.43E-41	0.787826973	5.62E-174	0.011747701	NA	0.001419198	3.99E-25	NA	1
FBgn0029155	6.37E-41	0.791634811	4.77E-175	6.74E-16	1.03E-31	0.006025267	1.42E-24	NA	10
FBgn0029157	1.06E-29	0.669854393	7.54E-201	0.000257652	7.70E-16	0.047661312	NA	NA	1
FBgn0029161	1.66E-47	0.837302025	4.58E-178	0.013075081	1.80E-27	0.004185469	2.91E-17	NA	7
FBgn0029174	3.50E-25	0.609239937	5.43E-172	NA	1.21E-24	NA	1.73E-19	4.70E-07	11
FBgn0029176	1.28E-35	0.735194896	2.08E-235	9.50E-06	NA	2.18E-05	2.02E-17	NA	6
FBgn0029501	5.13E-47	0.826738165	7.58E-184	0.002358261	NA	0.000276336	3.51E-29	NA	1
FBgn0029503	3.42E-27	0.650506365	2.18E-132	0.003581585	1.46E-21	NA	1.30E-13	0.02687919	4
FBgn0029507	2.52E-70	0.930876946	4.70E-171	8.29E-08	6.00E-45	1.12E-11	NA	7.41E-07	8
FBgn0029508	9.93E-43	0.787209184	3.13E-210	NA	7.64E-28	5.54E-07	NA	NA	8
FBgn0029539	3.26E-30	0.676104477	2.42E-150	0.021708488	NA	0.003156851	4.58E-16	NA	1
FBgn0029573	6.90E-29	0.67217616	8.87E-20	0.038228598	4.47E-24	9.15E-05	3.70E-18	NA	11
FBgn0029594	2.61E-26	0.62534916	4.53E-148	NA	6.38E-12	0.000551701	7.54E-07	NA	7
FBgn0029603	1.92E-34	0.723333166	1.62E-146	0.001665936	NA	0.00109294	9.07E-19	NA	1
FBgn0029656	1.70E-30	0.666045699	4.29E-153	NA	NA	0.015622342	5.54E-22	NA	1
FBgn0029657	4.46E-31	0.673118707	1.37E-159	NA	NA	NA	2.46E-17	0.001261541	1
FBgn0029667	1.70E-36	0.732279596	2.67E-175	NA	NA	0.004070425	9.21E-27	NA	1
FBgn0029689	1.25E-64	0.909990106	1.74E-169	NA	3.33E-43	2.48E-14	NA	5.20E-06	8
FBgn0029700	1.09E-39	0.761978577	1.16E-180	NA	NA	0.009152307	3.13E-30	NA	1
FBgn0029703	2.84E-40	0.767049851	8.65E-186	NA	NA	0.00184707	5.78E-30	NA	1
FBgn0029705	5.73E-43	0.789072568	9.33E-188	NA	NA	0.002783935	8.85E-33	NA	1
FBgn0029706	2.88E-39	0.768824618	1.63E-186	0.00146718	5.53E-19	1.68E-05	NA	NA	8
FBgn0029717	1.56E-35	0.72262413	1.32E-173	NA	NA	0.004880274	5.91E-26	NA	1
FBgn0029722	1.93E-43	0.792723017	1.35E-193	NA	NA	0.0237971	2.38E-34	NA	1
FBgn0029729	2.66E-25	0.610976951	2.77E-117	0.03890017	NA	0.006753953	7.69E-13	NA	1
FBgn0029730	8.65E-42	0.789544699	1.86E-172	0.043428761	NA	0.000205305	3.70E-24	NA	1
FBgn0029736	1.33E-36	0.754877334	7.75E-164	9.94E-05	2.08E-20	6.26E-06	NA	0.000103442	8
FBgn0029740	2.34E-26	0.611041186	1.70E-133	NA	NA	0.029916154	1.04E-18	NA	1
FBgn0029747	1.01E-39	0.762293571	1.45E-182	NA	NA	0.000417862	1.02E-28	NA	1
FBgn0029752	5.41E-51	0.850562594	2.12E-191	0.035234849	NA	0.002021849	5.56E-34	NA	1
FBgn0029766	5.01E-46	0.828001314	1.94E-114	0.00125215	1.45E-24	2.87E-05	NA	0.006246086	8
FBgn0029785	4.18E-53	0.868148384	2.23E-205	3.56E-05	2.97E-24	NA	2.86E-09	0.005221822	6
FBgn0029810	1.13E-44	0.81904395	1.84E-144	NA	2.24E-27	8.74E-06	5.14E-17	9.66E-05	4
FBgn0029812	1.65E-34	0.711949144	3.27E-160	NA	NA	1.92E-05	3.14E-22	NA	1
FBgn0029817	1.25E-37	0.754284947	9.31E-167	NA	NA	0.002943185	7.23E-26	0.045368295	1
FBgn0029820	4.70E-43	0.807684116	1.77E-217	0.012752762	NA	7.68E-11	1.21E-28	1.11E-09	1
FBgn0029821	1.08E-39	0.790320669	1.34E-191	0.000297587	0.003797182	1.00E-07	7.88E-08	1.39E-05	5
FBgn0029859	6.24E-41	0.772633295	6.02E-200	NA	NA	0.003303052	6.86E-31	NA	1
FBgn0029868	1.89E-42	0.794645615	7.73E-153	NA	2.48E-32	0.012645263	1.71E-24	NA	7
FBgn0029877	7.76E-42	0.780093631	1.07E-183	NA	NA	0.022062661	9.04E-33	NA	1
FBgn0029887	4.98E-46	0.811566793	2.04E-176	NA	1.94E-31	9.78E-07	NA	NA	8
FBgn0029890	9.44E-40	0.762536075	5.46E-184	NA	NA	0.027471822	6.46E-31	NA	1
FBgn0029896	5.38E-60	0.898182616	1.85E-210	NA	4.61E-17	8.78E-08	0.003677412	4.59E-05	8
FBgn0029897	1.04E-39	0.772613769	7.69E-213	0.005395824	1.89E-22	0.003553663	NA	NA	6
FBgn0029903	4.10E-41	0.793124883	1.62E-197	5.48E-05	NA	6.16E-08	2.91E-21	0.000107224	8
FBgn0029911	6.16E-26	0.620097739	1.61E-177	NA	5.08E-16	NA	1.10E-07	0.009494851	8
FBgn0029932	2.35E-28	0.677115057	3.38E-144	0.002394697	2.61E-06	0.000871291	0.001971774	0.006262621	4
FBgn0029937	6.41E-31	0.69636168	1.04E-152	0.000169148	NA	5.31E-11	1.61E-18	7.56E-10	8
FBgn0029940	1.18E-38	0.752751119	2.08E-186	NA	NA	0.0048948	6.54E-29	NA	1
FBgn0029945	2.09E-41	0.776577085	5.71E-196	NA	NA	0.000309447	3.18E-30	NA	1
FBgn0029947	9.67E-42	0.789163554	3.54E-185	0.042642795	NA	0.010385879	1.59E-26	NA	1
FBgn0029949	1.22E-32	0.691412057	1.83E-167	NA	NA	0.001111896	1.89E-22	NA	1
FBgn0029951	2.04E-40	0.787636797	2.80E-171	0.002225277	NA	0.000518069	3.96E-25	0.011582311	1
FBgn0029952	3.48E-31	0.674416419	1.53E-164	NA	NA	0.00121809	3.78E-21	NA	1
FBgn0029963	4.71E-37	0.748966658	2.13E-163	0.020593221	NA	0.018064589	7.74E-23	NA	1
FBgn0029975	5.99E-31	0.696693746	3.46E-184	0.000333025	4.77E-29	NA	2.47E-20	6.42E-12	11
FBgn0029994	1.57E-28	0.667741234	1.79E-186	NA	1.53E-23	7.55E-07	1.22E-15	0.003045062	11
FBgn0029997	3.42E-45	0.8056715	1.86E-207	NA	3.92E-35	0.023187832	NA	NA	1
FBgn0030014	7.87E-30	0.657758941	2.39E-169	NA	NA	0.037050317	6.10E-22	NA	1
FBgn0030015	7.38E-40	0.763466503	1.80E-167	NA	NA	0.004091596	5.74E-30	NA	1
FBgn0030025	1.40E-33	0.714311418	8.75E-158	0.001930505	NA	0.00483474	6.05E-19	NA	1
FBgn0030033	3.66E-45	0.82232791	3.24E-187	0.016185074	NA	0.002827128	2.82E-30	0.026220707	1
FBgn0030040	6.05E-26	0.62020776	2.56E-166	NA	NA	2.08E-05	1.84E-12	0.011455845	5
FBgn0030050	1.72E-31	0.691178017	4.89E-129	0.00616241	NA	0.006431478	1.69E-17	NA	1
FBgn0030051	2.38E-37	0.75172856	5.58E-139	NA	NA	3.02E-10	3.37E-19	4.12E-05	5
FBgn0030052	2.31E-48	0.842451805	1.18E-194	1.90E-07	NA	4.59E-10	1.53E-21	0.000152351	5
FBgn0030056	5.64E-36	0.749015675	3.61E-187	NA	2.15E-15	0.004980507	1.10E-05	0.001171618	8
FBgn0030081	9.99E-36	0.736251804	2.66E-150	0.001275378	NA	1.07E-05	2.54E-17	NA	5
FBgn0030086	7.91E-65	0.919100289	1.51E-166	0.001875706	1.44E-20	0.000125884	5.80E-08	0.001259382	4
FBgn0030087	3.94E-40	0.785337692	1.13E-192	0.000560834	1.83E-42	2.00E-05	6.49E-39	NA	3
FBgn0030089	1.04E-45	0.818108486	3.55E-198	NA	2.29E-11	7.63E-08	0.007353496	NA	8
FBgn0030098	1.83E-45	0.816440033	9.87E-165	8.48E-35	NA	NA	8.73E-12	0.020982123	12
FBgn0030101	6.44E-42	0.790543464	1.94E-178	NA	1.11E-31	8.68E-05	NA	0.001898322	1
FBgn0030104	6.27E-28	0.632925198	1.52E-139	NA	NA	0.001412465	2.90E-18	NA	1
FBgn0030114	7.06E-47	0.833414265	2.10E-190	0.000384995	4.26E-27	0.000154533	NA	0.010619032	1
FBgn0030136	3.69E-44	0.815503588	8.32E-197	0.025036979	1.60E-12	NA	0.015106575	0.033164196	6
FBgn0030151	8.67E-27	0.645136486	2.49E-171	2.23E-05	6.97E-13	0.002549228	1.81E-08	NA	4
FBgn0030189	2.99E-59	0.895297013	1.67E-135	0.012329104	1.32E-37	1.38E-06	NA	0.000368527	8
FBgn0030195	7.43E-33	0.706480836	5.84E-150	0.025147787	NA	NA	4.49E-16	0.000731627	1
FBgn0030208	9.67E-27	0.644499617	3.30E-160	1.43E-06	5.00E-11	0.036982837	3.17E-06	NA	4
FBgn0030218	4.86E-30	0.686116976	1.83E-147	4.73E-05	0.000152149	6.66E-05	2.74E-10	NA	1
FBgn0030224	1.04E-42	0.787055832	2.54E-169	NA	NA	0.000160622	3.23E-31	NA	1
FBgn0030240	8.61E-27	0.632018059	1.48E-153	NA	4.00E-13	0.018455364	2.73E-07	NA	4
FBgn0030242	3.00E-34	0.72132709	4.06E-164	0.021149531	NA	0.006818253	7.90E-20	NA	1
FBgn0030247	2.88E-32	0.699967058	8.19E-158	NA	NA	7.36E-07	1.60E-18	0.000847654	1
FBgn0030263	9.20E-100	0.975600495	3.16E-203	0.00324104	7.18E-74	NA	NA	3.62E-24	8
FBgn0030268	2.92E-43	0.7913346	1.11E-229	NA	NA	0.000453368	3.20E-32	NA	1
FBgn0030277	1.93E-43	0.802090436	1.13E-188	0.020211736	NA	0.000416629	4.28E-26	NA	1
FBgn0030278	1.69E-37	0.741982822	1.28E-190	NA	NA	0.003293317	1.34E-27	NA	1
FBgn0030280	1.34E-36	0.733278159	1.29E-184	NA	NA	0.008042949	3.12E-27	NA	1
FBgn0030283	4.43E-40	0.765389573	3.01E-190	NA	NA	0.007263706	1.76E-30	NA	1
FBgn0030290	7.16E-31	0.695805658	3.18E-133	0.004176759	NA	0.002515115	1.14E-19	0.011883369	1
FBgn0030294	3.75E-34	0.741130248	1.12E-110	0.000120808	2.70E-08	0.001201563	0.00088206	0.002573268	4
FBgn0030296	9.59E-44	0.795019931	5.79E-183	NA	NA	5.19E-05	9.18E-32	NA	1
FBgn0030304	4.07E-25	0.608284515	2.22E-209	0.000249349	NA	0.000861284	3.25E-11	NA	6
FBgn0030309	3.88E-33	0.72070362	1.69E-132	NA	3.95E-05	7.53E-08	3.55E-10	0.000272929	5
FBgn0030318	9.94E-32	0.693897311	2.61E-163	NA	3.44E-20	0.000231792	NA	0.016560335	5
FBgn0030319	4.50E-39	0.756527993	3.42E-181	NA	NA	0.032553535	2.23E-30	NA	1
FBgn0030321	8.82E-31	0.682882666	2.74E-211	NA	NA	4.67E-08	4.82E-15	0.000446815	8
FBgn0030322	2.04E-27	0.640492271	3.61E-117	0.012169126	5.38E-10	2.94E-05	NA	NA	5
FBgn0030332	2.19E-63	0.914566465	8.13E-133	2.45E-26	5.86E-06	0.012888964	0.002774096	0.020710284	9
FBgn0030359	9.51E-45	0.802461155	2.55E-193	NA	NA	0.00115604	4.14E-34	NA	1
FBgn0030366	1.81E-25	0.626987215	2.79E-225	0.002618671	NA	0.002857749	9.58E-16	0.011623113	1
FBgn0030370	1.09E-42	0.796471189	5.89E-165	0.029314798	NA	0.00119649	5.12E-26	NA	1
FBgn0030384	2.07E-38	0.750499403	3.64E-169	NA	NA	0.002315017	2.76E-28	NA	1
FBgn0030386	6.30E-36	0.72660833	9.42E-168	NA	NA	0.00651648	1.75E-26	NA	1
FBgn0030391	8.59E-58	0.883944426	5.43E-160	NA	1.33E-17	2.25E-14	3.02E-05	NA	8
FBgn0030409	4.61E-33	0.696176496	2.68E-154	NA	NA	1.09E-06	1.60E-19	NA	1
FBgn0030429	5.26E-37	0.737257708	7.02E-188	NA	NA	0.01094152	8.64E-28	NA	1
FBgn0030449	5.16E-36	0.727475011	4.04E-158	NA	NA	0.019582411	3.36E-27	NA	1
FBgn0030452	1.43E-24	0.614129824	5.83E-156	NA	1.10E-13	0.001534897	1.04E-08	0.012986918	4
FBgn0030460	1.25E-27	0.643359356	1.14E-117	0.000473843	9.81E-12	0.000546034	NA	NA	6
FBgn0030462	1.63E-47	0.82991232	1.80E-191	0.000917335	NA	0.004649983	4.09E-31	NA	1
FBgn0030499	2.02E-29	0.666382393	2.99E-140	NA	6.31E-12	0.019385913	1.76E-05	NA	8
FBgn0030502	2.06E-37	0.75230728	1.05E-206	NA	1.06E-26	1.36E-05	NA	0.000830748	8
FBgn0030504	6.03E-27	0.634131129	2.90E-171	NA	1.49E-18	0.000558869	NA	0.00787597	8
FBgn0030509	1.23E-41	0.78833668	4.10E-74	3.85E-10	6.39E-05	6.48E-08	NA	NA	10
FBgn0030520	1.62E-26	0.628232018	6.82E-213	3.99E-13	NA	NA	0.00140969	2.77E-10	6
FBgn0030525	2.51E-39	0.769338159	3.37E-152	1.92E-06	NA	0.000893413	2.66E-22	NA	1
FBgn0030529	1.26E-23	0.600065766	1.12E-170	NA	0.000268626	1.87E-05	1.96E-07	0.006240115	5
FBgn0030530	5.45E-33	0.719151294	2.87E-137	0.000404944	2.47E-16	3.85E-08	NA	8.61E-07	8
FBgn0030536	2.83E-41	0.775495453	4.64E-194	NA	NA	1.42E-05	9.57E-29	NA	1
FBgn0030578	3.00E-36	0.729837464	4.99E-167	NA	NA	0.000434995	2.21E-25	NA	1
FBgn0030589	6.78E-39	0.775129667	4.05E-153	1.05E-08	7.44E-10	NA	3.69E-13	3.65E-16	2
FBgn0030599	2.76E-37	0.770212269	2.99E-111	4.26E-10	0.045885047	0.001493756	2.86E-06	0.008664079	1
FBgn0030603	8.75E-50	0.850642278	1.29E-183	NA	6.93E-11	5.47E-11	0.012128782	5.87E-06	8
FBgn0030614	9.95E-29	0.643575137	9.71E-144	NA	NA	0.000566886	1.71E-18	NA	1
FBgn0030661	5.01E-39	0.766747236	7.13E-159	0.016246646	NA	1.98E-06	3.59E-19	NA	1
FBgn0030668	3.68E-26	0.608202639	2.71E-187	NA	4.07E-18	0.040835139	NA	NA	1
FBgn0030679	2.52E-25	0.611306821	1.88E-172	NA	2.87E-22	0.009359557	1.44E-19	NA	7
FBgn0030684	1.00E-33	0.726837679	2.99E-142	0.045141903	NA	0.00041386	5.99E-23	0.001210861	1
FBgn0030687	1.06E-30	0.693871716	2.79E-127	0.000380676	6.24E-14	0.037729213	1.23E-07	NA	4
FBgn0030691	8.54E-36	0.747304716	1.23E-167	0.028396232	NA	0.002297433	6.89E-23	0.015932765	1
FBgn0030694	9.27E-31	0.669272595	1.17E-155	NA	1.16E-18	NA	NA	0.005318291	8
FBgn0030696	2.64E-36	0.73038857	7.96E-161	NA	NA	0.032245312	8.86E-28	NA	1
FBgn0030703	3.33E-24	0.608719945	2.18E-195	4.36E-05	7.00E-23	NA	1.83E-15	3.25E-07	11
FBgn0030718	6.56E-36	0.738045036	2.84E-168	NA	4.48E-30	0.004934002	4.64E-25	NA	7
FBgn0030721	3.26E-38	0.759570853	5.87E-158	NA	NA	0.000936741	1.50E-25	0.032912538	1
FBgn0030722	2.59E-37	0.740218168	1.08E-173	NA	NA	0.000248307	3.91E-26	NA	1
FBgn0030725	3.91E-35	0.730369222	2.21E-156	NA	NA	0.000245512	2.43E-23	0.011156976	1
FBgn0030733	2.33E-71	0.929907676	1.39E-170	NA	9.47E-53	0.000130351	1.09E-38	NA	7
FBgn0030734	8.34E-30	0.69448994	2.87E-182	0.038156005	1.70E-07	8.81E-06	0.001582964	5.29E-07	4
FBgn0030740	5.06E-38	0.767620606	6.57E-196	NA	1.12E-18	0.000532538	3.68E-08	0.000111779	4
FBgn0030749	1.61E-40	0.779347946	9.12E-204	NA	NA	2.70E-11	1.91E-19	4.53E-05	5
FBgn0030756	8.82E-29	0.658337803	1.74E-88	NA	NA	3.05E-10	1.41E-09	0.0001076	10
FBgn0030761	5.28E-35	0.729051095	3.64E-169	0.000615212	3.14E-17	0.000439611	NA	NA	8
FBgn0030777	3.54E-43	0.800140861	5.39E-129	2.48E-16	NA	9.47E-05	9.90E-08	NA	5
FBgn0030780	4.27E-43	0.807981609	5.93E-181	0.015423682	NA	0.001518309	9.48E-27	0.035745486	1
FBgn0030803	9.76E-27	0.616439592	3.90E-173	NA	NA	0.006463809	4.49E-18	NA	1
FBgn0030805	5.41E-30	0.685568475	2.11E-102	NA	1.02E-11	0.000192372	3.81E-05	0.001603002	4
FBgn0030814	6.02E-42	0.78098743	7.98E-193	NA	NA	0.016509549	1.03E-32	NA	1
FBgn0030823	3.75E-38	0.748128821	1.73E-158	NA	3.80E-20	NA	NA	3.18E-07	1
FBgn0030852	6.06E-36	0.726775449	7.55E-191	NA	NA	0.03053817	2.08E-27	NA	1
FBgn0030853	9.85E-53	0.866290468	1.41E-166	NA	8.18E-35	0.002692616	5.13E-23	0.035951659	7
FBgn0030855	3.79E-30	0.675310151	3.15E-141	NA	5.24E-21	8.69E-06	NA	0.000314358	4
FBgn0030858	2.13E-28	0.666059657	4.98E-149	3.70E-05	6.98E-13	2.44E-07	NA	6.71E-06	4
FBgn0030859	6.01E-32	0.696380494	2.40E-190	4.34E-10	NA	1.46E-06	3.86E-12	NA	2
FBgn0030877	1.06E-23	0.6012064	6.17E-139	NA	1.62E-10	0.008035308	3.96E-05	0.020897615	4
FBgn0030878	3.44E-29	0.675895137	1.09E-143	0.000191931	1.44E-14	1.73E-06	NA	2.22E-05	8
FBgn0030898	2.33E-31	0.676488373	7.62E-148	NA	NA	7.46E-05	6.97E-20	NA	1
FBgn0030905	4.75E-31	0.672787047	2.08E-149	NA	NA	0.002027332	2.67E-21	NA	1
FBgn0030925	2.16E-39	0.779298844	6.11E-112	0.000315078	NA	4.05E-08	2.48E-11	0.004106749	5
FBgn0030926	4.32E-32	0.697997619	4.05E-158	0.004193799	3.88E-14	9.98E-05	NA	NA	6
FBgn0030929	9.02E-39	0.78283483	1.02E-99	0.000405671	0.003314004	1.08E-12	1.14E-06	5.71E-10	8
FBgn0030933	2.73E-34	0.72176198	8.87E-162	0.000443229	NA	0.008453694	9.59E-20	NA	1
FBgn0030943	1.51E-27	0.655149677	7.09E-167	0.025309073	NA	0.000191186	4.83E-16	0.00203627	1
FBgn0030952	2.92E-33	0.698395219	6.93E-168	NA	NA	0.040171277	4.15E-25	NA	1
FBgn0030964	1.06E-38	0.773492304	3.76E-152	0.000383134	NA	9.18E-12	1.13E-16	1.07E-07	8
FBgn0030966	1.40E-28	0.668341771	1.90E-141	1.50E-05	7.30E-15	3.40E-06	NA	2.32E-05	8
FBgn0030975	2.57E-42	0.783941213	1.52E-207	NA	NA	0.001632099	6.91E-32	NA	1
FBgn0030989	1.69E-36	0.732291333	4.46E-154	NA	NA	0.001528042	3.00E-26	NA	1
FBgn0030992	6.19E-25	0.631997696	5.83E-64	0.014482039	1.24E-05	2.05E-06	4.45E-08	0.000148499	5
FBgn0030999	8.52E-34	0.716583344	2.05E-184	NA	1.87E-17	0.001557093	4.22E-10	NA	4
FBgn0031002	6.98E-25	0.604846109	1.30E-178	NA	1.04E-11	0.002228082	8.49E-07	NA	8
FBgn0031006	2.02E-29	0.652561261	8.65E-182	NA	1.64E-20	0.02145298	NA	NA	6
FBgn0031051	2.38E-28	0.652806335	5.14E-154	NA	5.68E-07	0.000456829	0.022564445	NA	8
FBgn0031057	1.91E-40	0.787866865	5.41E-206	0.000167931	1.48E-30	NA	2.80E-17	5.65E-05	4
FBgn0031080	4.62E-46	0.811792465	5.48E-129	NA	6.92E-28	8.71E-11	NA	NA	8
FBgn0031082	7.47E-36	0.725858359	1.94E-172	NA	NA	NA	1.79E-22	0.006957317	1
FBgn0031085	6.85E-42	0.780531438	2.06E-199	NA	NA	0.032483852	4.80E-33	NA	1
FBgn0031090	5.15E-33	0.7082158	1.32E-202	NA	5.25E-26	0.00862127	NA	0.017658561	8
FBgn0031098	7.16E-25	0.604681749	2.56E-139	NA	7.20E-09	0.01772678	0.000660916	NA	4
FBgn0031101	2.16E-26	0.611537377	3.80E-148	NA	NA	NA	3.51E-13	0.000678212	1
FBgn0031103	2.24E-36	0.74254946	4.71E-157	0.013081098	NA	0.002633821	5.51E-21	NA	1
FBgn0031108	3.42E-39	0.757596985	2.91E-185	NA	NA	0.032151011	1.75E-30	NA	1
FBgn0031114	6.77E-37	0.736190643	9.43E-152	NA	7.13E-25	NA	NA	0.020331637	8
FBgn0031126	1.80E-28	0.67853251	1.19E-135	3.43E-07	4.58E-09	0.002537289	0.001004246	0.012371173	8
FBgn0031129	3.98E-46	0.812244151	2.48E-212	NA	NA	0.002710572	7.42E-36	NA	1
FBgn0031130	1.04E-30	0.682026971	7.37E-146	0.023486901	NA	0.010790333	2.81E-17	NA	1
FBgn0031132	9.02E-35	0.714710097	3.06E-167	NA	NA	0.003553581	4.59E-25	NA	1
FBgn0031134	4.66E-40	0.765200889	3.96E-200	NA	NA	3.76E-05	5.91E-28	NA	1
FBgn0031142	5.48E-40	0.774945041	1.75E-172	0.014029732	NA	0.002640611	4.22E-24	NA	1
FBgn0031148	1.52E-52	0.858944252	1.33E-172	0.000264922	NA	7.82E-11	8.46E-28	NA	6
FBgn0031149	1.03E-33	0.736762671	1.66E-144	0.002520208	5.59E-07	0.003078557	0.013642788	0.004105295	4
FBgn0031155	4.98E-25	0.607007776	4.39E-118	0.0438818	NA	0.001572976	1.09E-11	NA	1
FBgn0031157	3.88E-41	0.793312459	1.05E-156	0.002260173	NA	0.001122726	2.27E-27	0.009057293	1
FBgn0031164	2.64E-29	0.651066052	1.13E-147	NA	NA	0.000373852	8.46E-19	NA	1
FBgn0031168	7.49E-40	0.763414967	4.71E-184	NA	NA	0.001073187	2.72E-29	NA	1
FBgn0031171	2.49E-45	0.806653572	1.09E-197	NA	NA	0.000819856	1.58E-34	NA	1
FBgn0031194	4.79E-33	0.708555314	1.05E-190	NA	1.13E-20	7.71E-07	NA	0.000365979	8
FBgn0031201	3.00E-37	0.739610557	2.83E-156	NA	NA	NA	1.26E-19	4.02E-06	1
FBgn0031216	1.53E-34	0.724345679	9.82E-189	NA	3.32E-26	0.00628017	NA	0.026806545	8
FBgn0031232	1.20E-43	0.803598599	6.22E-119	NA	6.87E-22	NA	1.60E-10	0.003377349	7
FBgn0031240	5.09E-45	0.813378997	7.95E-186	0.009240392	NA	0.001113854	4.25E-28	NA	1
FBgn0031247	1.13E-32	0.69177998	1.09E-184	NA	NA	0.015969136	5.55E-24	NA	1
FBgn0031249	7.32E-32	0.682433748	1.49E-132	NA	1.33E-08	NA	NA	5.83E-13	10
FBgn0031251	5.50E-41	0.783153829	8.84E-164	NA	4.52E-37	4.15E-16	7.08E-38	NA	3
FBgn0031263	1.56E-41	0.80445652	1.97E-133	0.018748476	1.21E-08	0.010875074	0.004643604	0.044901683	4
FBgn0031265	2.55E-31	0.70090527	7.08E-168	7.36E-06	NA	0.000881756	4.71E-18	0.011504396	1
FBgn0031268	4.27E-26	0.607277278	2.76E-161	NA	NA	7.94E-05	4.13E-15	NA	5
FBgn0031279	2.21E-36	0.742610313	4.61E-164	NA	NA	1.42E-05	4.39E-24	0.0019748	1
FBgn0031292	1.69E-34	0.711831374	3.31E-176	NA	NA	0.036537663	3.49E-26	NA	1
FBgn0031295	5.77E-38	0.746383888	2.66E-186	NA	NA	0.00083316	2.39E-27	NA	1
FBgn0031296	8.21E-27	0.617500861	2.16E-167	NA	NA	0.000533593	9.78E-17	NA	1
FBgn0031299	3.03E-33	0.721830912	5.05E-169	0.000261466	2.57E-12	NA	0.00016139	0.044304448	4
FBgn0031301	6.74E-35	0.73862536	7.25E-148	0.000190391	NA	0.003265319	5.18E-21	0.035412425	1
FBgn0031306	1.01E-41	0.797793392	2.23E-187	0.000170631	3.02E-27	0.015306127	NA	0.004705575	8
FBgn0031307	1.16E-30	0.704329425	2.40E-104	0.002999525	0.002084232	1.11E-06	3.14E-09	1.18E-07	6
FBgn0031317	1.00E-32	0.705053991	2.49E-129	NA	6.99E-17	5.83E-10	NA	1.35E-05	8
FBgn0031323	1.35E-44	0.810403209	9.69E-171	0.000139522	NA	4.84E-05	5.53E-26	NA	1
FBgn0031331	2.17E-38	0.761152932	1.03E-150	6.59E-06	NA	3.69E-05	4.68E-20	NA	1
FBgn0031332	2.74E-38	0.760257176	7.76E-165	3.78E-06	NA	0.024126159	3.52E-23	NA	1
FBgn0031333	2.38E-32	0.700893383	1.70E-151	NA	NA	3.49E-05	6.70E-22	0.001685355	1
FBgn0031335	1.13E-43	0.803795381	2.23E-162	1.23E-08	NA	0.021650974	3.79E-27	NA	1
FBgn0031343	1.18E-46	0.824380535	1.81E-183	0.005043943	NA	0.000241074	8.93E-29	NA	1
FBgn0031345	3.41E-41	0.793751281	1.22E-154	1.32E-06	NA	0.00014679	1.61E-24	0.007991813	1
FBgn0031347	1.37E-45	0.825153347	1.63E-195	2.25E-05	NA	0.001632607	6.42E-29	0.038697337	1
FBgn0031356	5.53E-32	0.708299249	1.46E-188	NA	3.14E-06	1.76E-07	0.030717388	0.000439254	8
FBgn0031372	3.25E-44	0.807704323	1.22E-174	0.010706686	NA	0.001301091	1.88E-27	NA	1
FBgn0031384	2.08E-38	0.750485651	1.42E-199	NA	NA	0.000796283	9.43E-28	NA	1
FBgn0031388	5.19E-25	0.606740353	6.68E-121	0.046331962	NA	NA	4.23E-11	0.013049297	1
FBgn0031390	3.06E-33	0.71066091	3.17E-192	NA	4.30E-12	0.044495708	0.00012837	NA	8
FBgn0031407	8.26E-41	0.790749244	4.95E-139	0.014100239	0.021084322	NA	0.020915216	0.002777628	1
FBgn0031423	2.43E-40	0.787026215	6.02E-156	0.000811681	NA	0.004145292	3.21E-26	0.032636182	1
FBgn0031424	2.08E-40	0.787568895	1.15E-171	NA	5.18E-27	0.017770338	1.27E-16	0.03187563	7
FBgn0031426	7.29E-30	0.658173279	9.59E-145	NA	2.48E-20	0.008771313	NA	NA	1
FBgn0031432	2.46E-30	0.689607599	2.22E-124	2.50E-20	5.71E-14	NA	5.37E-10	0.003636702	9
FBgn0031436	7.08E-73	0.93374996	1.60E-181	NA	4.13E-52	0.00010123	7.76E-37	NA	7
FBgn0031440	1.63E-30	0.666263603	3.99E-154	NA	NA	0.009934648	1.01E-21	NA	1
FBgn0031443	1.06E-41	0.797661411	5.26E-134	5.96E-07	0.026079911	0.028387348	0.01043981	NA	1
FBgn0031444	6.43E-36	0.748473779	4.07E-112	2.99E-06	0.047056107	0.037361695	0.034605672	NA	1
FBgn0031449	9.80E-29	0.657754276	4.54E-172	NA	1.12E-26	0.023164158	7.90E-21	NA	11
FBgn0031450	1.71E-38	0.771702533	1.68E-187	NA	6.19E-12	0.001391421	0.000417009	0.034316554	8
FBgn0031451	2.24E-38	0.761025616	1.24E-164	0.000160731	NA	0.002058957	2.53E-22	NA	1
FBgn0031453	2.29E-57	0.887629467	5.45E-191	0.000118327	6.82E-20	0.00034473	8.80E-06	NA	8
FBgn0031462	1.33E-44	0.810453653	8.10E-168	1.97E-08	NA	0.000810564	1.44E-26	NA	1
FBgn0031476	5.61E-48	0.840156571	1.88E-191	2.67E-07	NA	0.002418098	3.61E-31	0.041441591	1
FBgn0031489	4.38E-55	0.871655897	2.31E-174	NA	8.68E-25	2.81E-12	1.15E-12	NA	8
FBgn0031490	3.99E-40	0.776094204	8.46E-109	NA	2.15E-20	1.65E-08	NA	0.001855821	8
FBgn0031492	8.93E-27	0.657019387	1.18E-131	0.02712648	2.08E-05	0.017565945	0.042569361	0.016694054	4
FBgn0031496	3.58E-30	0.675612455	4.70E-130	0.001439102	NA	0.000268044	1.64E-14	NA	1
FBgn0031500	3.55E-23	0.606358033	7.30E-136	0.006773274	3.05E-08	2.59E-07	0.000480696	9.18E-07	6
FBgn0031501	3.88E-39	0.767705259	3.74E-171	0.001141602	NA	0.005762159	1.01E-23	NA	1
FBgn0031526	6.03E-44	0.814019466	2.99E-172	0.000329922	NA	0.000288127	6.04E-28	0.008641947	1
FBgn0031531	2.97E-38	0.759937096	4.73E-154	0.003257591	NA	0.000123695	8.28E-21	NA	1
FBgn0031533	2.30E-29	0.678010725	1.30E-87	1.15E-25	3.53E-09	NA	2.40E-07	0.017545393	9
FBgn0031534	4.65E-33	0.708696655	3.97E-195	NA	4.26E-16	3.41E-06	6.48E-10	NA	4
FBgn0031538	5.21E-49	0.83911861	1.14E-170	NA	7.61E-20	2.39E-17	1.86E-11	NA	4
FBgn0031545	4.54E-48	0.84070621	1.23E-203	4.32E-06	NA	0.002746981	1.28E-31	0.042454653	1
FBgn0031546	7.94E-47	0.825513374	2.41E-184	8.99E-05	NA	0.00061457	2.73E-29	NA	1
FBgn0031560	6.39E-34	0.705635838	3.39E-149	NA	9.71E-15	2.67E-11	NA	NA	8
FBgn0031561	3.01E-49	0.847599519	1.03E-142	0.044260995	NA	1.08E-08	7.39E-23	0.000385963	5
FBgn0031562	3.63E-31	0.699172265	1.15E-45	0.00834696	1.22E-13	1.46E-05	6.70E-09	NA	4
FBgn0031563	1.59E-34	0.734929373	5.85E-145	0.006314915	5.96E-10	0.000324409	0.000606388	NA	8
FBgn0031574	1.05E-51	0.861031081	3.22E-176	0.001191071	0.00033347	0.000669662	0.020282748	NA	1
FBgn0031590	3.07E-30	0.676409184	1.98E-212	NA	0.012373033	9.82E-07	1.73E-07	NA	1
FBgn0031596	5.98E-40	0.774624172	1.22E-152	1.74E-07	NA	0.004379928	2.49E-23	NA	1
FBgn0031621	5.50E-36	0.749118081	3.31E-157	0.004026698	NA	0.001837218	5.39E-21	0.03600173	1
FBgn0031626	2.15E-44	0.808983361	6.20E-180	2.08E-06	NA	0.002314164	2.19E-27	NA	1
FBgn0031637	3.39E-45	0.822556405	4.91E-200	0.001766966	2.64E-12	0.017719958	0.002495879	NA	8
FBgn0031643	1.08E-30	0.693773057	4.24E-151	0.040680023	2.17E-09	7.82E-08	1.30E-14	NA	5
FBgn0031644	8.09E-34	0.704522133	5.89E-170	NA	NA	1.18E-05	2.44E-21	NA	1
FBgn0031673	7.36E-27	0.632952925	8.37E-170	NA	1.15E-06	NA	0.037908996	0.003740456	1
FBgn0031675	2.64E-37	0.740129488	8.18E-183	NA	NA	0.003436305	1.95E-27	NA	1
FBgn0031678	7.53E-30	0.683859557	2.28E-05	0.019556213	0.00181124	1.23E-06	4.71E-08	NA	8
FBgn0031689	1.06E-50	0.861898769	2.83E-126	2.03E-16	1.79E-11	0.019547076	1.40E-07	0.003674753	6
FBgn0031690	4.07E-43	0.799687018	2.78E-177	0.001073312	NA	3.65E-05	1.61E-24	NA	1
FBgn0031700	1.87E-45	0.816366921	1.29E-122	NA	5.03E-24	0.000376058	2.57E-13	NA	7
FBgn0031701	3.34E-27	0.662564354	4.58E-14	0.000404393	0.005021253	7.39E-06	8.43E-06	0.000394015	5
FBgn0031713	5.05E-38	0.746922842	7.94E-195	NA	5.93E-22	NA	NA	1.82E-05	6
FBgn0031720	5.95E-39	0.755433574	1.25E-172	NA	NA	0.000195611	1.30E-27	NA	1
FBgn0031721	1.64E-36	0.743855376	2.46E-152	0.001114608	NA	0.002771023	4.98E-21	NA	1
FBgn0031722	7.82E-42	0.798649129	1.23E-163	0.00786884	NA	0.004135658	3.04E-27	0.037706717	1
FBgn0031723	6.09E-46	0.81967086	1.24E-176	9.74E-06	NA	2.69E-05	7.44E-27	NA	1
FBgn0031724	1.28E-42	0.795943142	2.38E-184	0.034319584	NA	0.00765285	4.22E-27	NA	1
FBgn0031728	5.66E-44	0.805971805	2.34E-193	0.01864893	NA	0.001730608	2.12E-27	NA	1
FBgn0031729	2.97E-28	0.651545209	1.52E-119	0.027465355	NA	0.001002927	8.16E-14	NA	1
FBgn0031733	3.00E-43	0.800671536	3.29E-161	0.012579939	NA	0.000154786	2.22E-25	NA	1
FBgn0031738	1.07E-23	0.614145957	7.52E-155	2.70E-05	0.01060881	1.97E-05	5.18E-05	0.000766099	5
FBgn0031746	6.27E-34	0.728913867	3.02E-144	3.07E-09	4.85E-32	NA	4.71E-25	0.011705134	11
FBgn0031749	7.70E-38	0.766022354	2.83E-140	2.45E-05	NA	0.000398848	1.24E-21	0.017547246	1
FBgn0031751	8.90E-44	0.804549118	3.02E-188	0.000757233	NA	0.002595712	2.32E-27	NA	1
FBgn0031771	3.90E-60	0.898714067	4.68E-205	NA	6.91E-29	5.56E-11	3.41E-15	6.89E-06	7
FBgn0031774	1.43E-30	0.680405845	3.32E-160	1.95E-08	NA	0.006501786	6.21E-15	NA	1
FBgn0031781	2.89E-24	0.609644417	2.87E-148	0.016972907	2.32E-10	0.000179124	NA	0.003348807	8
FBgn0031784	3.68E-40	0.776391071	1.68E-168	0.014843776	NA	0.002724003	2.84E-24	NA	1
FBgn0031785	8.05E-52	0.861633194	5.14E-194	7.81E-07	NA	0.000322241	4.79E-33	0.027689925	1
FBgn0031786	5.12E-42	0.800038801	1.41E-162	1.95E-05	NA	0.000448985	4.27E-25	0.020931457	1
FBgn0031799	4.91E-30	0.673948303	4.09E-181	NA	NA	7.50E-07	6.75E-15	0.002203267	8
FBgn0031801	2.44E-33	0.722814053	4.04E-145	0.002985651	9.23E-16	0.001801388	NA	0.003010745	5
FBgn0031805	2.42E-27	0.639498983	5.62E-51	NA	NA	0.000445497	5.10E-20	0.00269691	6
FBgn0031814	4.64E-38	0.758197359	2.42E-209	NA	NA	3.35E-07	2.60E-16	0.020519357	1
FBgn0031817	4.18E-46	0.828510155	1.93E-152	0.013027355	0.017215034	0.005170815	0.00293974	NA	1
FBgn0031826	7.11E-39	0.765424562	9.36E-175	0.042265264	NA	0.002216864	5.16E-23	NA	1
FBgn0031830	5.25E-73	0.934070014	1.73E-176	NA	6.15E-56	0.014951552	9.41E-42	NA	7
FBgn0031831	3.98E-40	0.776106292	6.83E-165	0.019365593	NA	0.000957984	1.31E-23	NA	1
FBgn0031844	2.65E-31	0.675832018	2.53E-149	NA	NA	0.002400212	1.26E-21	NA	1
FBgn0031850	1.81E-49	0.855290324	3.65E-183	0.002182782	4.32E-10	0.025687542	0.035091602	0.013205314	1
FBgn0031851	1.76E-37	0.74180998	2.99E-127	NA	2.49E-25	0.000215485	NA	NA	4
FBgn0031853	2.48E-46	0.822269434	2.66E-189	0.000635316	NA	0.00029058	1.54E-28	NA	1
FBgn0031856	4.18E-35	0.740654559	2.23E-155	0.000604161	NA	0.001989246	7.15E-23	0.010287408	1
FBgn0031857	6.79E-25	0.605018205	1.14E-140	NA	2.54E-24	0.0011407	3.14E-19	NA	3
FBgn0031858	4.29E-39	0.756708733	8.19E-208	NA	NA	0.000348314	5.10E-28	NA	1
FBgn0031859	1.86E-40	0.778835351	2.05E-192	0.000323251	NA	0.00228362	2.92E-24	NA	1
FBgn0031861	2.21E-30	0.678139843	1.06E-149	0.002771581	NA	0.000423301	5.97E-15	NA	1
FBgn0031878	1.42E-42	0.804172634	2.72E-186	0.000497976	NA	0.00679128	4.88E-28	0.049558273	1
FBgn0031883	5.39E-27	0.634794461	5.80E-194	NA	2.37E-12	0.028607274	2.13E-06	NA	4
FBgn0031885	4.14E-26	0.622539183	2.10E-194	0.000316608	2.14E-10	0.000340398	NA	NA	8
FBgn0031896	6.07E-32	0.707852417	4.08E-178	0.000816677	7.07E-10	0.006581392	0.000562314	NA	1
FBgn0031905	2.44E-35	0.72061258	5.01E-191	NA	NA	0.029585994	7.95E-27	NA	1
FBgn0031920	1.73E-47	0.829752058	1.81E-188	0.001813702	NA	0.000114828	3.56E-29	NA	1
FBgn0031926	1.01E-24	0.602487301	7.68E-67	NA	6.24E-14	0.041405772	1.47E-08	NA	7
FBgn0031930	6.24E-35	0.728320653	4.93E-102	8.21E-08	5.70E-12	NA	NA	3.28E-05	10
FBgn0031934	1.01E-40	0.790054187	1.90E-170	0.025663582	NA	0.001740012	4.76E-25	0.032693372	1
FBgn0031937	1.07E-28	0.657239983	1.11E-133	0.002678066	NA	5.68E-07	3.99E-10	NA	5
FBgn0031941	1.20E-34	0.725437609	1.68E-147	0.002246222	NA	0.025885573	6.53E-21	NA	1
FBgn0031944	1.59E-42	0.803816161	3.21E-178	0.000165073	NA	0.001736385	2.41E-27	0.023845905	1
FBgn0031946	4.90E-43	0.799087695	2.40E-178	0.001510357	NA	0.00157346	1.91E-26	NA	1
FBgn0031952	2.30E-43	0.792129218	1.51E-214	NA	8.72E-34	0.044683886	NA	NA	1
FBgn0031977	2.17E-40	0.77828291	2.46E-145	NA	3.83E-17	0.029998054	3.49E-07	NA	8
FBgn0031985	1.79E-31	0.690969943	1.78E-220	NA	6.71E-18	1.23E-06	NA	0.001243932	8
FBgn0031986	1.90E-35	0.733490217	4.54E-131	0.007127942	NA	2.16E-05	2.05E-17	NA	1
FBgn0031990	3.46E-27	0.650439544	4.02E-190	0.002109138	0.002754541	0.00060615	9.69E-07	NA	8
FBgn0031995	1.01E-49	0.843316588	1.09E-207	NA	1.30E-45	NA	1.32E-34	9.79E-08	3
FBgn0031998	1.76E-26	0.627734322	3.24E-176	NA	1.34E-21	5.80E-19	1.23E-17	NA	9
FBgn0032002	2.45E-25	0.625133504	9.01E-106	NA	0.000217755	1.04E-09	1.12E-06	6.43E-05	8
FBgn0032003	2.67E-39	0.769113434	1.26E-165	0.002208283	NA	0.000516652	1.64E-22	NA	1
FBgn0032004	1.69E-37	0.76300756	1.27E-162	3.53E-05	NA	0.000758958	2.37E-22	0.017123825	1
FBgn0032005	5.04E-32	0.684325122	4.69E-202	NA	1.21E-16	1.22E-07	NA	NA	6
FBgn0032006	3.44E-32	0.686253025	4.27E-216	NA	NA	1.37E-08	9.98E-17	NA	5
FBgn0032018	3.88E-32	0.709982605	4.66E-183	0.001928385	6.80E-15	0.001362922	NA	0.046223944	8
FBgn0032021	1.41E-34	0.7247235	3.00E-160	NA	6.00E-29	0.0172101	8.32E-24	NA	7
FBgn0032026	7.58E-34	0.728072277	4.41E-151	0.011226592	8.13E-19	0.000409321	NA	0.004034606	8
FBgn0032039	5.82E-44	0.805883475	8.77E-163	5.40E-07	NA	6.44E-05	3.44E-25	NA	1
FBgn0032047	1.39E-30	0.680544255	8.33E-165	0.000172092	NA	0.002247849	7.33E-16	NA	1
FBgn0032048	8.46E-29	0.658563825	5.44E-135	NA	1.05E-15	NA	9.59E-07	0.034089748	4
FBgn0032049	2.05E-28	0.653642939	1.44E-170	5.06E-05	NA	0.001145266	1.14E-13	NA	2
FBgn0032051	4.37E-33	0.720162133	9.39E-119	6.38E-06	7.92E-20	2.05E-07	NA	2.30E-07	4
FBgn0032061	7.83E-44	0.813225862	1.63E-189	0.000365694	NA	0.003793712	1.36E-28	0.041487799	1
FBgn0032065	3.02E-34	0.732135918	1.19E-137	0.001857309	NA	0.006199897	3.96E-21	0.045289597	1
FBgn0032069	1.20E-32	0.725853267	6.15E-113	3.79E-05	5.50E-07	3.53E-05	3.01E-05	2.09E-06	12
FBgn0032072	2.76E-33	0.711148654	5.29E-127	0.012236061	4.03E-18	0.013145734	NA	NA	1
FBgn0032087	2.07E-37	0.762203646	1.18E-128	0.042307063	NA	2.19E-14	4.05E-08	4.03E-09	8
FBgn0032090	4.32E-31	0.686528594	2.17E-147	0.000557517	NA	0.000158164	6.49E-15	NA	1
FBgn0032109	2.61E-36	0.741913939	1.22E-125	5.93E-09	9.03E-19	0.0190143	NA	NA	1
FBgn0032111	2.87E-32	0.687161205	6.46E-156	NA	NA	0.04811721	2.53E-24	NA	1
FBgn0032115	5.07E-35	0.739838345	1.94E-149	1.66E-05	NA	0.000429097	9.91E-18	0.036551165	1
FBgn0032122	9.86E-30	0.682460814	2.72E-138	0.000138391	1.93E-10	3.82E-07	7.27E-16	NA	2
FBgn0032131	1.50E-28	0.641240652	8.44E-177	NA	NA	4.48E-08	8.45E-14	NA	1
FBgn0032135	2.14E-65	0.916851094	4.92E-179	3.60E-11	3.12E-27	0.005467526	2.81E-09	NA	1
FBgn0032140	2.19E-34	0.722744255	3.36E-113	NA	0.000930135	3.47E-09	1.31E-09	NA	5
FBgn0032144	4.45E-51	0.85103505	4.80E-167	8.40E-20	NA	NA	3.64E-22	5.92E-11	2
FBgn0032156	6.32E-37	0.757830909	1.33E-207	NA	3.97E-06	3.15E-12	4.24E-11	1.96E-06	5
FBgn0032175	5.80E-34	0.729259602	2.76E-162	6.13E-06	NA	0.000115911	1.79E-19	0.003624242	1
FBgn0032176	4.56E-34	0.71943928	1.48E-146	6.43E-07	NA	0.000741645	1.70E-17	NA	1
FBgn0032178	1.11E-33	0.715362795	9.84E-96	NA	2.44E-30	0.01558842	2.17E-23	NA	3
FBgn0032200	4.42E-27	0.649035831	2.75E-174	NA	7.84E-08	0.000234589	0.020141287	0.000437843	4
FBgn0032214	2.10E-31	0.701856278	3.87E-193	0.000276078	NA	0.003061898	1.22E-18	0.027365964	1
FBgn0032219	3.99E-33	0.70941872	1.77E-175	NA	NA	1.23E-07	1.19E-17	0.000647233	1
FBgn0032229	8.14E-39	0.76490927	3.68E-196	0.000640176	NA	0.000145432	2.32E-21	NA	1
FBgn0032235	9.61E-29	0.657860557	1.43E-193	NA	6.48E-14	4.88E-13	NA	1.11E-08	8
FBgn0032246	3.67E-31	0.687348019	1.06E-181	NA	8.58E-18	2.66E-05	3.61E-12	NA	4
FBgn0032248	6.21E-38	0.757058881	5.99E-180	0.009400796	NA	0.003074061	2.10E-22	NA	1
FBgn0032265	2.18E-45	0.807068378	2.51E-135	NA	NA	NA	3.37E-22	3.10E-11	2
FBgn0032266	6.35E-52	0.862168878	1.39E-143	1.40E-05	6.54E-29	0.00028333	NA	0.001752298	10
FBgn0032269	4.12E-40	0.775978661	2.11E-191	0.000214028	NA	0.003688582	3.42E-24	NA	1
FBgn0032276	7.02E-50	0.851178166	3.87E-190	1.98E-07	NA	2.51E-05	1.25E-30	0.006363715	1
FBgn0032291	5.25E-37	0.758565278	2.72E-161	8.52E-05	NA	0.002327885	1.08E-23	0.016412373	1
FBgn0032312	4.28E-37	0.759370419	9.19E-153	0.000823716	NA	0.007169077	1.71E-24	0.030213602	1
FBgn0032314	3.21E-48	0.834327311	1.23E-186	0.000107411	NA	4.86E-05	2.15E-29	NA	1
FBgn0032338	1.50E-26	0.628682369	7.16E-166	NA	NA	0.006629091	1.38E-18	0.032905356	1
FBgn0032340	6.26E-48	0.839868192	1.34E-159	0.00149949	9.80E-14	0.001485343	0.001448196	NA	8
FBgn0032345	4.98E-34	0.719032441	5.66E-153	6.49E-06	NA	3.82E-05	2.58E-16	NA	1
FBgn0032350	3.52E-35	0.730830671	1.77E-185	0.008319354	NA	NA	6.97E-16	0.000383495	5
FBgn0032360	2.37E-38	0.760804781	1.76E-182	0.003020685	NA	0.013871491	1.17E-23	NA	1
FBgn0032364	3.95E-44	0.807094164	7.89E-179	NA	NA	2.70E-06	4.83E-29	0.00229207	1
FBgn0032367	7.48E-38	0.756328311	6.22E-161	2.49E-06	NA	NA	8.97E-09	2.69E-14	2
FBgn0032369	2.10E-31	0.701856807	9.83E-159	2.43E-10	NA	0.005035957	6.35E-17	0.020741952	1
FBgn0032370	2.36E-40	0.787133037	8.36E-170	0.000406434	NA	0.002629343	4.42E-25	0.039579734	1
FBgn0032371	1.20E-45	0.817679877	8.60E-184	0.016850883	NA	0.005376751	1.35E-29	NA	1
FBgn0032372	6.49E-43	0.788650519	3.72E-186	NA	NA	2.67E-06	1.04E-29	NA	1
FBgn0032373	2.50E-26	0.638911111	1.91E-186	0.001400126	NA	0.010329839	1.35E-18	0.008769199	6
FBgn0032374	4.31E-31	0.69833122	1.72E-139	0.000537302	NA	0.00640819	5.63E-20	0.022363637	1
FBgn0032377	2.20E-39	0.769837918	1.19E-144	NA	0.033006488	NA	0.022136008	0.001386459	1
FBgn0032381	8.60E-45	0.802780626	2.77E-138	1.21E-45	NA	8.28E-23	NA	NA	6
FBgn0032382	2.80E-26	0.624909456	2.19E-152	1.54E-06	NA	1.28E-07	9.93E-08	NA	5
FBgn0032385	2.98E-31	0.700137287	4.33E-130	1.61E-07	NA	4.61E-05	1.54E-19	0.000240192	1
FBgn0032387	1.79E-30	0.69122078	1.68E-132	0.000276834	NA	5.94E-09	2.75E-20	1.69E-08	5
FBgn0032388	5.25E-48	0.833003656	4.53E-180	2.71E-09	4.12E-26	NA	NA	0.000320884	8
FBgn0032393	4.08E-96	0.97206046	5.47E-190	0.000208137	4.19E-71	NA	NA	1.04E-20	8
FBgn0032397	1.44E-38	0.762729588	1.52E-193	0.005440454	NA	0.010372001	1.08E-23	NA	1
FBgn0032419	1.61E-30	0.6797851	1.67E-135	0.017961118	NA	0.004907877	1.36E-16	NA	1
FBgn0032424	2.25E-44	0.808845889	1.75E-176	0.006599876	NA	0.00311247	4.28E-28	NA	1
FBgn0032431	5.57E-34	0.70628276	6.50E-171	NA	NA	0.001171863	9.87E-24	NA	1
FBgn0032433	2.31E-34	0.733307812	3.73E-169	NA	3.66E-14	1.11E-09	9.45E-05	0.011016915	9
FBgn0032435	1.52E-27	0.666941247	7.75E-107	0.007790957	0.00050121	0.000665652	0.043932495	0.013914366	8
FBgn0032444	1.76E-29	0.690687003	3.21E-152	0.04080781	2.97E-06	0.011997514	0.007971812	0.037127615	4
FBgn0032450	1.03E-23	0.601391822	3.81E-100	2.35E-06	5.48E-13	7.34E-05	NA	7.46E-05	4
FBgn0032451	3.13E-42	0.792973415	1.35E-156	NA	5.54E-11	NA	0.028723853	0.008890785	6
FBgn0032454	9.67E-27	0.644502002	1.88E-162	0.037510514	3.52E-13	0.007533782	2.70E-08	NA	4
FBgn0032457	3.06E-38	0.759824022	8.14E-165	0.005553819	NA	0.037639711	2.79E-24	NA	1
FBgn0032464	6.72E-40	0.774200452	2.23E-174	5.57E-05	NA	0.005620993	4.06E-24	NA	1
FBgn0032471	2.64E-43	0.809480095	1.36E-187	1.94E-06	NA	0.001627217	2.44E-26	0.045547463	1
FBgn0032474	1.48E-32	0.7145197	2.05E-169	0.000705152	0.045819735	0.03456448	3.25E-08	NA	1
FBgn0032475	1.12E-36	0.755540374	2.02E-184	2.39E-05	7.13E-18	2.05E-07	NA	2.31E-05	8
FBgn0032481	1.97E-46	0.822926519	1.29E-205	2.81E-05	NA	8.62E-05	6.55E-28	NA	1
FBgn0032482	7.92E-27	0.645664547	6.90E-219	4.63E-14	NA	1.26E-06	1.16E-13	1.18E-07	1
FBgn0032483	2.75E-37	0.751141944	3.94E-164	0.038615356	NA	0.004655998	3.95E-22	NA	1
FBgn0032492	2.05E-35	0.753266299	8.78E-127	0.001581129	0.001464594	0.002077069	1.83E-08	0.021129298	1
FBgn0032503	6.87E-38	0.75666079	1.62E-151	0.023698308	NA	0.002800784	2.55E-22	NA	1
FBgn0032513	7.64E-36	0.725763378	6.75E-221	NA	NA	0.000705122	3.11E-25	NA	1
FBgn0032514	6.27E-28	0.647303939	7.92E-155	NA	NA	1.46E-11	1.20E-20	7.87E-10	8
FBgn0032519	1.10E-38	0.753014146	1.49E-178	NA	NA	0.001882545	1.91E-28	NA	1
FBgn0032520	5.87E-46	0.827560505	1.01E-183	1.30E-07	NA	0.000453988	9.83E-29	0.017182439	1
FBgn0032522	4.53E-32	0.684863821	5.46E-152	NA	NA	0.021919368	1.26E-23	NA	1
FBgn0032525	6.72E-44	0.80543465	1.36E-174	2.23E-05	NA	5.31E-05	2.66E-25	NA	1
FBgn0032530	2.40E-38	0.760761373	6.28E-159	0.000219719	NA	0.003619294	1.23E-22	NA	1
FBgn0032533	5.95E-36	0.726856587	1.67E-148	NA	NA	0.029359725	2.16E-27	NA	1
FBgn0032536	5.66E-33	0.707768042	1.20E-108	NA	0.010817429	1.01E-11	5.32E-07	NA	5
FBgn0032553	8.53E-34	0.716578936	7.25E-161	0.000623056	NA	0.001410704	2.55E-18	NA	1
FBgn0032554	1.18E-28	0.656715992	1.87E-140	0.000171287	NA	0.00077758	8.96E-14	NA	1
FBgn0032587	3.46E-50	0.846017368	6.74E-142	6.13E-05	NA	6.80E-12	2.53E-24	NA	8
FBgn0032588	6.24E-40	0.783720811	2.26E-165	4.32E-05	NA	0.000164887	4.17E-25	0.003632736	1
FBgn0032596	2.84E-29	0.676912661	4.15E-188	NA	7.54E-10	0.002705589	0.001450368	0.008623804	4
FBgn0032609	1.06E-44	0.819219677	2.11E-174	5.04E-05	NA	0.000465896	2.98E-27	0.024732277	1
FBgn0032613	1.38E-39	0.780891977	1.16E-67	3.00E-08	1.22E-09	0.039968827	0.002517371	NA	8
FBgn0032614	1.57E-25	0.627859206	1.09E-187	0.008839098	2.39E-22	NA	2.16E-15	0.022449428	11
FBgn0032624	1.37E-45	0.82515529	2.26E-179	0.001498872	NA	0.003274944	1.16E-29	0.047850697	1
FBgn0032625	1.75E-33	0.724326065	4.39E-136	4.10E-05	NA	0.002438009	3.03E-21	0.012471868	1
FBgn0032626	4.41E-45	0.821791096	1.52E-170	7.58E-06	NA	0.002534672	2.04E-29	0.031452955	1
FBgn0032632	2.90E-46	0.829532186	5.56E-181	6.25E-06	NA	2.10E-05	1.05E-29	0.001288775	1
FBgn0032636	6.86E-42	0.790328148	4.30E-173	0.000211586	NA	0.004659598	6.66E-26	NA	1
FBgn0032637	1.22E-45	0.825488675	5.34E-180	0.000408442	NA	0.002633874	6.88E-30	0.036963641	1
FBgn0032646	8.13E-41	0.781782555	4.08E-203	0.02125476	NA	0.007433876	1.74E-25	NA	1
FBgn0032647	9.81E-42	0.797902062	2.82E-164	3.10E-08	NA	0.000329754	2.19E-26	0.005005517	1
FBgn0032649	2.22E-40	0.77820373	1.78E-162	0.000116507	NA	0.002475417	3.69E-24	NA	1
FBgn0032650	5.09E-44	0.806303585	1.39E-168	0.001805081	NA	0.001218314	3.35E-27	NA	1
FBgn0032654	1.20E-33	0.702633767	6.96E-166	NA	NA	0.044136804	1.60E-25	NA	1
FBgn0032664	6.17E-35	0.738997392	7.68E-160	0.013400843	NA	0.0054695	3.82E-23	0.020804993	1
FBgn0032669	8.62E-25	0.617314588	2.43E-138	2.85E-07	2.33E-18	NA	6.26E-13	0.004928764	9
FBgn0032677	3.76E-47	0.827608129	1.64E-191	8.32E-05	NA	9.38E-05	1.11E-28	NA	1
FBgn0032679	1.38E-53	0.870502217	9.86E-176	0.000163609	1.50E-27	0.002929156	9.22E-15	NA	4
FBgn0032693	3.61E-27	0.622503929	1.52E-144	NA	NA	0.028294943	2.18E-19	NA	1
FBgn0032694	3.86E-39	0.76772815	1.09E-150	NA	6.45E-15	0.000580029	3.73E-06	NA	4
FBgn0032699	5.47E-30	0.685505239	4.47E-156	0.010092338	0.029115583	NA	0.009672545	1.47E-13	8
FBgn0032704	3.74E-31	0.699020445	9.06E-204	9.65E-07	NA	2.23E-10	1.18E-18	5.15E-09	6
FBgn0032723	3.68E-33	0.697269109	1.09E-213	NA	NA	0.022199329	1.24E-24	NA	1
FBgn0032731	5.12E-31	0.685664089	4.64E-186	0.007427364	NA	0.044662136	2.30E-16	NA	5
FBgn0032755	1.82E-39	0.77054527	9.26E-162	0.005213683	NA	0.011953833	1.46E-24	NA	1
FBgn0032768	2.64E-43	0.801078343	3.22E-171	0.000126223	NA	0.001151761	2.20E-26	NA	1
FBgn0032769	1.71E-44	0.809691554	1.44E-168	0.002731165	NA	0.000132023	1.87E-26	NA	1
FBgn0032771	5.86E-42	0.799596057	4.64E-177	0.000437195	NA	0.001777067	8.22E-27	0.025209752	1
FBgn0032772	1.50E-37	0.742470383	8.68E-138	NA	5.41E-23	1.18E-06	NA	NA	8
FBgn0032774	1.74E-53	0.870013972	1.15E-171	0.001348884	2.33E-11	4.95E-11	0.011002351	NA	8
FBgn0032781	2.04E-67	0.91884986	6.12E-145	NA	1.12E-24	NA	6.48E-07	1.37E-12	8
FBgn0032805	1.01E-30	0.668804711	5.51E-101	NA	4.06E-22	0.041789614	NA	NA	6
FBgn0032810	2.65E-31	0.689004444	5.14E-126	0.011767934	NA	2.75E-08	2.18E-10	NA	5
FBgn0032819	5.21E-39	0.766601815	4.05E-84	NA	2.44E-14	0.003020701	1.78E-05	NA	4
FBgn0032836	1.77E-40	0.779025291	1.86E-181	NA	4.95E-19	3.45E-07	8.62E-11	NA	4
FBgn0032848	5.67E-25	0.61993571	8.49E-113	1.94E-06	0.022613817	0.02042726	1.42E-06	NA	1
FBgn0032857	1.16E-72	0.936679626	2.63E-180	NA	1.67E-26	5.20E-05	1.52E-06	0.025970353	7
FBgn0032859	1.85E-38	0.761774484	3.28E-194	NA	2.69E-20	2.03E-10	NA	2.93E-05	8
FBgn0032864	1.89E-37	0.762553608	2.35E-164	7.89E-05	6.01E-24	NA	5.35E-15	0.046746866	4
FBgn0032867	1.42E-45	0.817197054	2.73E-157	NA	0.001328149	0.041112434	0.01811947	NA	1
FBgn0032868	2.23E-30	0.690107804	2.59E-117	6.50E-06	3.75E-09	1.51E-05	1.39E-11	NA	9
FBgn0032878	5.80E-45	0.812984318	2.22E-172	0.000208321	NA	0.017411073	1.98E-29	NA	1
FBgn0032894	7.17E-37	0.735947592	1.48E-178	NA	NA	0.000324824	7.77E-26	NA	1
FBgn0032897	3.33E-52	0.857138848	1.38E-165	NA	9.35E-16	4.11E-06	0.000642423	NA	8
FBgn0032900	3.29E-36	0.740944541	3.18E-165	6.87E-06	3.62E-21	NA	NA	0.015917075	6
FBgn0032904	3.12E-51	0.851885872	2.71E-164	1.25E-09	1.17E-23	0.000135031	NA	NA	8
FBgn0032919	1.14E-44	0.81093638	1.18E-153	NA	2.74E-14	0.005113971	0.000519664	NA	4
FBgn0032964	2.59E-24	0.61033215	1.04E-127	0.041484585	NA	0.001133131	4.42E-12	0.020161168	1
FBgn0032967	1.67E-31	0.691324837	6.65E-130	1.71E-05	NA	1.69E-05	6.26E-14	NA	1
FBgn0032968	4.25E-38	0.758546811	2.26E-151	0.004518613	NA	0.004996691	8.06E-23	NA	1
FBgn0032969	3.58E-40	0.776486337	3.25E-176	0.001463012	NA	0.000928144	1.36E-23	NA	1
FBgn0033042	1.24E-33	0.702496795	4.66E-149	NA	NA	2.39E-05	1.73E-21	NA	1
FBgn0033050	4.51E-24	0.60677232	1.39E-176	0.008154567	2.43E-13	0.015238225	3.80E-09	NA	4
FBgn0033056	1.82E-43	0.80227979	2.06E-160	NA	0.005957946	0.000684752	0.022970302	NA	1
FBgn0033059	1.18E-24	0.615350338	9.74E-107	0.000398317	5.89E-14	8.69E-08	NA	3.17E-08	4
FBgn0033063	1.35E-39	0.771640372	4.86E-166	0.00552242	NA	0.001391704	2.33E-23	NA	1
FBgn0033067	1.01E-39	0.782029578	2.80E-81	NA	0.04382374	3.75E-05	3.57E-08	0.004266483	1
FBgn0033074	1.14E-38	0.763621643	6.10E-167	0.001085436	NA	0.000161213	2.66E-21	NA	1
FBgn0033086	6.64E-41	0.791492574	1.53E-165	0.004665221	3.83E-24	0.000139123	NA	0.002128361	1
FBgn0033092	3.80E-26	0.648672986	5.20E-59	6.77E-05	1.31E-05	0.009173955	0.008230243	0.026637332	4
FBgn0033093	2.29E-29	0.665725304	8.30E-211	1.47E-07	NA	0.000116297	NA	0.000711486	9
FBgn0033095	6.53E-50	0.851350756	1.99E-191	3.70E-06	1.64E-29	NA	4.42E-17	5.88E-05	7
FBgn0033124	2.28E-26	0.639458227	2.35E-139	NA	0.000474785	1.32E-12	1.78E-06	3.46E-07	8
FBgn0033127	2.03E-36	0.731516183	1.03E-182	NA	4.03E-21	2.11E-07	NA	NA	5
FBgn0033129	1.83E-32	0.713519052	1.73E-114	0.000753038	NA	0.023416662	4.43E-18	0.03883279	5
FBgn0033130	7.24E-37	0.757296975	2.72E-136	NA	0.04702629	2.27E-07	5.05E-07	0.000355104	5
FBgn0033132	1.93E-46	0.830663478	7.01E-166	NA	4.69E-32	0.002646467	5.26E-20	0.013515307	7
FBgn0033134	1.62E-46	0.823483007	5.75E-180	NA	NA	3.37E-10	2.59E-29	2.10E-05	5
FBgn0033141	3.31E-34	0.708719937	1.26E-169	NA	NA	0.00090863	8.20E-24	NA	1
FBgn0033149	2.17E-36	0.74268718	2.54E-159	0.000804201	NA	0.011426931	9.44E-22	NA	1
FBgn0033153	2.03E-32	0.713036606	1.50E-118	0.001749316	NA	2.64E-05	7.21E-14	0.009653522	5
FBgn0033164	2.94E-32	0.711306216	8.86E-122	5.10E-13	2.91E-16	5.50E-09	1.05E-20	NA	2
FBgn0033168	3.57E-31	0.699255061	2.34E-143	0.00533591	NA	0.001540204	9.65E-19	0.014449167	1
FBgn0033184	2.59E-35	0.742672641	2.07E-184	2.26E-09	NA	2.93E-05	2.09E-21	0.000343	1
FBgn0033188	8.76E-32	0.694519083	6.45E-167	1.17E-09	4.38E-09	1.31E-08	NA	NA	6
FBgn0033190	1.19E-46	0.831998297	2.44E-179	1.64E-05	NA	0.003401374	4.08E-31	0.034624295	1
FBgn0033196	1.02E-33	0.715758396	2.56E-197	NA	1.95E-28	0.000294009	NA	0.000174052	8
FBgn0033212	6.18E-36	0.74863471	8.80E-213	0.047212278	NA	1.96E-07	4.93E-13	0.000729059	8
FBgn0033216	2.26E-40	0.778149807	3.41E-142	0.001705158	NA	8.81E-06	9.87E-17	NA	1
FBgn0033238	8.40E-39	0.754083298	2.93E-191	NA	NA	0.000779846	4.02E-28	NA	1
FBgn0033243	2.70E-41	0.794527707	8.87E-153	1.09E-08	NA	0.000194578	1.87E-23	0.014634014	1
FBgn0033244	9.54E-41	0.790253098	6.79E-177	6.37E-05	1.09E-23	2.60E-05	NA	0.00054061	8
FBgn0033248	2.30E-36	0.742442944	4.00E-158	0.000885492	NA	0.012402538	8.65E-22	NA	1
FBgn0033250	3.66E-36	0.728975801	6.01E-193	NA	NA	2.34E-12	5.57E-17	NA	5
FBgn0033258	7.15E-38	0.766303087	9.60E-164	1.44E-07	NA	0.000520436	1.00E-21	0.016572186	1
FBgn0033266	3.21E-28	0.636838399	4.09E-162	NA	2.01E-16	0.000108956	NA	NA	8
FBgn0033268	2.37E-52	0.857920909	2.71E-197	NA	0.00063879	2.33E-07	0.016119861	NA	1
FBgn0033274	7.10E-53	0.860664203	3.19E-182	NA	2.16E-15	1.04E-15	2.40E-05	NA	7
FBgn0033279	5.92E-45	0.812923373	1.46E-173	8.45E-05	NA	0.000366225	2.75E-27	NA	1
FBgn0033280	4.48E-37	0.749167004	4.72E-165	0.000555445	NA	0.000236863	4.22E-20	NA	1
FBgn0033283	1.86E-40	0.778850149	9.03E-166	0.003205576	NA	0.008179088	3.71E-25	NA	1
FBgn0033286	8.77E-45	0.811730571	2.88E-199	0.002579627	NA	0.0025785	2.50E-28	NA	1
FBgn0033287	4.92E-45	0.813478596	3.04E-199	0.006368747	NA	0.000590141	9.33E-28	NA	1
FBgn0033296	6.32E-29	0.684064008	1.39E-143	1.37E-11	1.89E-06	3.99E-06	7.45E-05	0.000127377	4
FBgn0033297	1.25E-28	0.680487623	5.21E-145	9.56E-11	3.27E-05	4.29E-05	0.00326955	0.000749502	4
FBgn0033304	7.12E-32	0.695543227	5.49E-142	0.002393362	1.28E-25	0.013591107	NA	NA	6
FBgn0033321	9.49E-25	0.616707119	4.28E-130	1.53E-09	5.46E-07	1.10E-14	5.51E-08	NA	5
FBgn0033322	1.14E-34	0.736362439	1.57E-148	0.002004016	NA	0.003071446	2.24E-21	0.027447498	1
FBgn0033330	1.35E-42	0.795769043	5.53E-177	0.000468514	NA	0.00180899	4.56E-26	NA	1
FBgn0033337	2.37E-35	0.732546979	1.62E-174	0.002318007	3.82E-20	0.026798109	NA	NA	1
FBgn0033342	8.64E-51	0.849428485	8.51E-183	NA	6.99E-27	3.22E-05	9.12E-15	NA	4
FBgn0033344	8.48E-37	0.74657002	4.25E-133	NA	0.038368975	0.008170789	0.021937543	NA	1
FBgn0033352	4.46E-31	0.698151826	1.07E-184	0.012058476	2.22E-07	NA	0.017721388	0.000710283	8
FBgn0033353	2.27E-26	0.639490313	7.22E-77	NA	1.98E-05	3.16E-09	3.11E-08	9.99E-05	5
FBgn0033364	4.03E-39	0.777027908	3.55E-167	0.000899322	NA	0.00540656	1.78E-25	0.034763114	1
FBgn0033365	8.00E-33	0.693487065	8.90E-135	NA	1.98E-21	0.000542422	NA	NA	8
FBgn0033366	6.33E-36	0.748536133	8.20E-126	0.00109873	7.79E-15	NA	2.33E-06	0.021387638	4
FBgn0033369	7.18E-36	0.737658033	5.36E-144	1.64E-07	NA	0.005297063	8.86E-20	NA	1
FBgn0033371	1.47E-43	0.802961757	1.16E-180	0.002331333	NA	0.001261517	8.21E-27	NA	1
FBgn0033377	3.82E-33	0.709618301	4.46E-198	0.022988495	NA	0.019928144	1.15E-19	NA	1
FBgn0033379	3.07E-30	0.688464643	2.34E-141	NA	3.11E-09	0.002781727	0.002488859	0.024708986	4
FBgn0033382	7.60E-47	0.817149289	4.26E-224	NA	NA	3.43E-09	2.86E-31	NA	1
FBgn0033387	3.91E-36	0.750508951	5.17E-131	4.22E-05	2.09E-16	NA	3.04E-07	0.032499343	4
FBgn0033402	9.81E-41	0.781116236	1.47E-200	0.00030013	1.51E-23	0.006797645	NA	NA	6
FBgn0033442	1.63E-42	0.803732027	2.57E-181	0.000424475	NA	0.00247982	1.95E-27	0.030241539	1
FBgn0033448	1.15E-27	0.656693692	2.67E-172	5.94E-08	3.05E-08	0.000392651	0.000306288	NA	6
FBgn0033461	1.17E-33	0.726148724	5.07E-156	3.12E-05	NA	0.004493633	8.05E-21	0.027196055	1
FBgn0033468	2.67E-43	0.791636253	1.86E-213	NA	NA	NA	1.87E-28	0.002158107	1
FBgn0033495	4.09E-49	0.853333768	1.01E-189	0.005430753	2.02E-12	0.002201957	0.001008061	0.000830635	7
FBgn0033498	1.02E-40	0.770823613	4.49E-174	NA	NA	0.000431866	1.06E-29	NA	1
FBgn0033499	2.09E-36	0.742849598	1.25E-144	2.48E-05	NA	0.000393721	1.37E-19	NA	1
FBgn0033504	6.42E-30	0.684685431	1.43E-190	0.001542996	4.34E-15	0.015888158	9.97E-21	NA	5
FBgn0033512	6.40E-41	0.782624769	6.63E-183	0.003118309	NA	0.00370132	4.42E-25	NA	1
FBgn0033542	6.05E-49	0.845856441	2.54E-187	3.80E-05	NA	0.000166003	4.36E-32	0.007025256	1
FBgn0033570	3.76E-51	0.858112135	7.19E-150	0.047967798	2.61E-36	0.010863074	5.89E-27	NA	7
FBgn0033581	1.79E-32	0.713637959	4.74E-146	0.004831657	4.26E-14	0.03534145	3.36E-07	NA	4
FBgn0033603	1.00E-27	0.657468304	1.67E-95	NA	4.52E-28	2.25E-06	6.63E-23	0.000208273	3
FBgn0033608	1.42E-26	0.62903117	1.26E-177	NA	4.57E-12	NA	5.09E-07	2.36E-05	7
FBgn0033610	1.62E-37	0.753257528	9.03E-166	1.66E-05	NA	0.011090105	2.86E-22	NA	1
FBgn0033638	1.99E-45	0.824087666	1.19E-145	0.000158041	2.45E-32	0.011897952	1.72E-24	NA	7
FBgn0033665	2.00E-34	0.723150731	3.49E-163	NA	3.62E-10	NA	0.000908397	1.01E-05	5
FBgn0033673	2.63E-39	0.769163042	4.31E-171	NA	2.73E-10	NA	0.033199629	0.036280622	1
FBgn0033677	6.59E-38	0.766616814	7.38E-134	0.001085842	3.07E-19	NA	9.53E-10	0.025869767	4
FBgn0033680	7.49E-40	0.773807839	1.87E-157	5.22E-05	NA	0.00079728	5.03E-23	NA	1
FBgn0033687	6.23E-32	0.696201367	2.62E-146	0.00346607	NA	5.75E-06	8.02E-14	NA	1
FBgn0033688	5.53E-46	0.819954219	3.48E-189	NA	1.10E-18	0.002642802	2.69E-07	NA	4
FBgn0033692	2.42E-37	0.751657827	2.34E-185	0.01051227	NA	0.005623862	2.79E-22	NA	1
FBgn0033705	2.68E-43	0.809438485	1.07E-179	8.45E-06	NA	0.000141616	2.76E-27	0.004940876	1
FBgn0033706	7.60E-40	0.7737511	5.80E-162	1.11E-05	NA	0.015428546	1.89E-24	NA	1
FBgn0033723	2.95E-47	0.835766939	3.94E-95	1.24E-05	3.56E-15	1.06E-06	5.99E-08	NA	10
FBgn0033734	2.24E-57	0.882132912	3.15E-177	NA	1.05E-25	0.002349476	5.49E-10	NA	7
FBgn0033735	2.45E-29	0.65148023	4.95E-200	NA	1.34E-20	0.02729434	NA	NA	1
FBgn0033741	2.36E-31	0.701291604	9.65E-128	NA	1.15E-10	0.011861048	0.00129586	0.020147657	4
FBgn0033744	2.09E-37	0.762170539	8.25E-148	3.09E-07	2.43E-14	0.000270402	2.67E-07	NA	4
FBgn0033755	1.73E-37	0.7530014	5.37E-178	NA	1.31E-16	7.12E-05	1.60E-08	NA	4
FBgn0033760	2.77E-35	0.73186474	4.51E-175	NA	NA	2.50E-18	1.04E-16	8.40E-12	8
FBgn0033767	3.34E-29	0.64974521	9.32E-146	NA	NA	0.004167639	5.07E-20	NA	1
FBgn0033774	2.23E-40	0.767954326	2.92E-163	NA	NA	NA	1.09E-27	0.04189055	2
FBgn0033783	3.38E-40	0.776695358	8.34E-178	NA	3.97E-25	4.09E-08	NA	0.000196527	8
FBgn0033784	1.79E-47	0.837095001	1.14E-167	0.000147226	0.001670047	0.046507117	0.011011575	NA	1
FBgn0033788	6.19E-34	0.728966883	1.01E-150	0.00092169	NA	7.72E-10	2.63E-17	2.43E-07	5
FBgn0033794	5.11E-33	0.708247397	3.56E-161	0.000809412	NA	0.012417916	5.47E-19	NA	1
FBgn0033802	1.39E-28	0.655796491	5.88E-174	NA	NA	1.16E-07	1.06E-13	0.000604959	8
FBgn0033814	2.18E-60	0.899672964	2.09E-183	NA	4.90E-18	3.31E-11	3.02E-05	2.36E-05	4
FBgn0033818	5.45E-37	0.758416211	7.56E-170	6.54E-05	NA	0.000321867	9.11E-23	0.005662819	1
FBgn0033819	1.81E-47	0.837066246	4.28E-181	0.003949055	NA	0.001533916	3.80E-31	0.030117275	1
FBgn0033834	1.06E-39	0.781852364	1.36E-174	0.00039027	NA	0.004228665	8.97E-25	0.049809688	1
FBgn0033844	4.38E-44	0.806777392	3.35E-224	NA	3.91E-34	3.79E-12	NA	3.43E-10	8
FBgn0033845	5.21E-31	0.697384925	1.03E-158	0.001787623	NA	0.002978149	1.19E-18	0.024086756	1
FBgn0033848	1.26E-35	0.745677282	3.60E-158	7.35E-09	NA	0.001919882	6.02E-20	0.028737193	1
FBgn0033859	7.10E-30	0.658322802	1.42E-177	NA	4.47E-20	0.005670266	NA	NA	4
FBgn0033861	2.04E-27	0.62593711	2.31E-144	NA	NA	0.008655871	7.45E-19	NA	1
FBgn0033862	6.31E-40	0.78368011	3.18E-176	3.02E-05	NA	0.001649319	3.48E-24	0.034007484	1
FBgn0033863	1.19E-40	0.780420268	1.10E-178	1.92E-05	NA	0.000333545	3.23E-23	NA	1
FBgn0033868	3.97E-45	0.814128865	1.78E-206	0.003687695	NA	0.003678421	7.39E-29	NA	1
FBgn0033875	1.98E-63	0.910488788	1.94E-182	5.69E-09	NA	6.65E-09	4.02E-38	0.001132374	6
FBgn0033888	1.28E-37	0.754187008	4.37E-181	NA	NA	0.000674683	6.13E-24	0.044908336	1
FBgn0033893	3.37E-42	0.792723514	1.64E-162	0.000704964	NA	0.000102984	3.31E-24	NA	1
FBgn0033897	1.78E-24	0.612713909	1.10E-177	0.046402921	3.08E-08	NA	0.001480832	0.016778837	8
FBgn0033900	4.21E-34	0.719798067	5.01E-180	0.001026393	NA	0.01011925	8.87E-20	NA	1
FBgn0033912	3.89E-40	0.776185466	2.35E-217	0.00063555	5.40E-24	0.027386177	NA	NA	6
FBgn0033916	8.89E-29	0.658290571	1.49E-192	0.019257036	NA	0.010835792	9.19E-16	NA	1
FBgn0033919	1.06E-25	0.616734723	1.76E-195	NA	1.65E-23	NA	1.63E-22	5.04E-06	3
FBgn0033925	1.09E-26	0.643826948	4.00E-154	NA	0.00010299	5.21E-09	4.33E-09	4.75E-06	1
FBgn0033926	1.41E-55	0.87398606	3.69E-151	NA	6.38E-38	2.70E-13	NA	2.53E-07	8
FBgn0033928	3.36E-58	0.896040772	1.67E-63	1.11E-06	0.017439094	1.21E-08	0.015917809	1.36E-06	8
FBgn0033952	4.11E-41	0.784175067	2.50E-163	0.000320618	NA	0.022246633	3.60E-26	NA	1
FBgn0033953	5.89E-45	0.812937528	4.80E-199	0.000303483	NA	0.002202704	2.73E-28	NA	1
FBgn0033954	4.70E-44	0.806553407	8.58E-196	0.001088789	NA	0.002788696	1.14E-27	NA	1
FBgn0033961	9.36E-59	0.888026495	1.16E-151	NA	6.30E-42	0.00690229	1.66E-29	NA	7
FBgn0033969	3.61E-39	0.767976464	1.85E-170	0.012516836	NA	0.0050355	8.70E-24	NA	1
FBgn0033970	1.06E-23	0.601239139	8.30E-115	NA	1.31E-17	8.43E-10	6.91E-18	1.91E-05	5
FBgn0033978	1.15E-36	0.755467744	2.23E-141	NA	1.09E-26	2.06E-08	6.58E-16	0.008190454	9
FBgn0033998	3.63E-26	0.636706686	9.30E-169	0.008845544	2.01E-15	1.29E-05	NA	1.18E-05	4
FBgn0034007	9.62E-39	0.773839721	5.69E-159	0.002645296	NA	0.004456656	4.07E-24	0.049438493	1
FBgn0034051	1.61E-35	0.734199982	3.99E-206	0.007597637	3.91E-20	0.019158162	NA	NA	1
FBgn0034081	2.47E-36	0.752380953	2.95E-135	0.000902716	4.08E-17	5.78E-05	NA	0.005949601	1
FBgn0034082	9.16E-47	0.832706174	3.62E-185	4.62E-07	NA	4.20E-05	9.14E-30	0.002685038	1
FBgn0034094	7.85E-27	0.645716833	5.35E-145	0.042518799	NA	0.000696398	9.13E-13	0.022544688	5
FBgn0034097	2.22E-36	0.742585797	1.99E-155	0.017972136	NA	0.038406355	8.36E-23	NA	1
FBgn0034099	6.95E-37	0.75745519	5.31E-151	6.54E-07	NA	0.000314294	5.29E-22	0.006635992	1
FBgn0034104	2.87E-32	0.687159375	2.13E-159	NA	NA	0.01468641	1.46E-23	NA	1
FBgn0034105	1.60E-39	0.77101582	1.78E-161	0.021077353	NA	0.005719785	3.47E-24	NA	1
FBgn0034121	1.24E-48	0.836860188	1.27E-195	0.000504988	NA	0.00060416	4.66E-31	NA	1
FBgn0034122	1.59E-35	0.734266314	1.49E-151	0.004965185	NA	0.000817377	1.53E-19	NA	1
FBgn0034127	3.87E-32	0.685661042	5.79E-179	NA	NA	0.006724744	5.61E-23	NA	1
FBgn0034129	2.30E-39	0.769670681	2.44E-162	0.023967789	NA	0.041143239	2.08E-25	NA	1
FBgn0034132	5.31E-46	0.82006958	1.10E-203	9.44E-05	NA	0.004286505	1.58E-29	NA	1
FBgn0034133	2.93E-48	0.841839301	1.46E-185	5.85E-05	NA	3.83E-05	2.21E-32	0.001221065	1
FBgn0034138	6.93E-33	0.71804441	5.44E-199	3.31E-05	3.22E-08	NA	0.042456273	0.032245209	6
FBgn0034140	7.48E-35	0.747938596	4.55E-111	0.04075767	4.41E-14	0.001270085	3.69E-08	0.000156835	8
FBgn0034144	5.57E-47	0.826507484	1.29E-202	8.59E-06	NA	0.002078604	7.17E-30	NA	1
FBgn0034152	1.63E-44	0.817945482	3.55E-153	4.41E-10	8.30E-07	NA	1.13E-12	1.48E-14	2
FBgn0034153	2.01E-40	0.78768302	2.06E-155	1.45E-12	1.55E-10	NA	3.32E-15	3.51E-13	2
FBgn0034156	7.45E-28	0.659136673	1.52E-138	0.00221281	NA	0.003050816	2.58E-18	0.007800829	1
FBgn0034158	1.75E-26	0.627763832	2.51E-184	0.001574603	NA	0.040573608	8.24E-12	NA	8
FBgn0034160	6.50E-33	0.718338576	1.27E-74	0.000306676	NA	4.38E-14	3.10E-18	1.30E-12	8
FBgn0034173	8.57E-49	0.844980127	1.18E-181	0.000822838	NA	0.00079059	1.75E-30	0.045844594	1
FBgn0034187	1.17E-34	0.72553131	8.04E-63	NA	5.67E-14	1.46E-11	NA	1.89E-05	8
FBgn0034196	1.79E-32	0.713625124	3.24E-145	0.00218577	NA	0.004221563	1.05E-19	0.033548373	1
FBgn0034205	8.06E-39	0.774493978	2.43E-169	0.002876527	NA	0.001018076	1.66E-22	0.034421163	1
FBgn0034225	2.09E-26	0.626682777	2.85E-161	NA	8.68E-26	0.009799438	8.35E-21	NA	11
FBgn0034229	1.05E-32	0.704831338	3.55E-188	0.009255301	NA	2.06E-11	7.14E-08	NA	2
FBgn0034230	5.53E-32	0.708300598	1.02E-175	6.69E-06	1.55E-17	0.000679835	NA	0.004635289	4
FBgn0034240	1.98E-26	0.612074827	2.63E-195	NA	6.22E-16	0.00082473	NA	NA	8
FBgn0034245	1.36E-53	0.864340669	2.87E-144	NA	5.06E-39	0.042501316	9.05E-28	NA	7
FBgn0034247	1.29E-40	0.789214701	7.31E-177	2.21E-19	5.92E-10	9.51E-10	4.02E-05	NA	4
FBgn0034251	2.52E-37	0.751486466	1.51E-155	5.78E-07	NA	0.014880608	8.88E-22	NA	1
FBgn0034258	3.87E-31	0.698861068	3.90E-208	0.003786494	5.97E-13	NA	2.46E-06	0.000225729	4
FBgn0034264	2.10E-42	0.794307207	1.64E-156	NA	0.003455398	0.019440693	0.029117963	NA	1
FBgn0034275	4.24E-25	0.6217447	1.32E-140	0.011263135	2.06E-21	0.00985716	5.45E-17	NA	11
FBgn0034278	6.24E-39	0.755252187	3.42E-172	NA	NA	0.000517063	4.76E-28	NA	1
FBgn0034279	1.71E-27	0.641524891	7.93E-68	NA	3.94E-13	6.30E-07	NA	0.001539921	8
FBgn0034291	7.99E-30	0.694708628	1.28E-56	1.67E-22	0.000230148	5.62E-06	0.000806564	0.000310418	9
FBgn0034295	9.62E-62	0.899797255	7.27E-191	NA	4.57E-35	5.91E-37	NA	1.17E-26	8
FBgn0034296	5.63E-35	0.739391127	3.97E-117	1.20E-08	NA	2.30E-14	6.13E-16	9.70E-11	5
FBgn0034312	4.08E-40	0.78521803	5.90E-132	5.66E-05	NA	6.28E-05	4.39E-23	0.005892823	5
FBgn0034313	3.10E-34	0.732013472	5.02E-184	0.000544409	NA	0.000379806	2.96E-16	0.046231953	8
FBgn0034317	3.16E-35	0.751505439	4.89E-09	0.017387144	0.005455593	2.99E-07	3.13E-06	2.22E-07	8
FBgn0034328	1.98E-27	0.653637947	9.02E-56	NA	0.022965577	9.09E-07	5.67E-05	0.003909354	5
FBgn0034329	1.18E-26	0.615271461	1.89E-102	NA	NA	1.50E-08	1.40E-11	NA	5
FBgn0034331	1.12E-33	0.726330174	2.56E-127	1.44E-13	0.004983748	6.31E-11	9.53E-07	NA	6
FBgn0034345	8.98E-40	0.782433094	4.65E-212	3.99E-05	3.64E-25	6.65E-06	NA	1.87E-05	8
FBgn0034352	1.69E-37	0.741981691	2.97E-178	NA	NA	0.002612421	1.77E-27	NA	1
FBgn0034363	2.46E-41	0.785952233	1.79E-160	0.001898274	NA	0.00161958	6.02E-25	NA	1
FBgn0034364	1.50E-40	0.779600612	4.53E-130	NA	1.99E-08	1.53E-11	0.013488551	NA	8
FBgn0034374	5.33E-43	0.798811246	1.19E-195	0.019383354	NA	0.002701809	8.67E-27	NA	1
FBgn0034382	1.41E-33	0.73541314	1.08E-128	0.012350331	1.16E-07	1.11E-05	0.002510155	5.53E-06	4
FBgn0034398	9.33E-51	0.855993732	1.01E-188	2.68E-07	1.61E-26	1.03E-10	NA	4.73E-07	8
FBgn0034400	6.86E-26	0.632890436	1.11E-202	NA	0.001974174	2.64E-07	7.19E-06	0.002366722	8
FBgn0034405	7.06E-47	0.833415125	3.12E-171	3.34E-21	2.38E-11	4.59E-07	2.19E-08	NA	9
FBgn0034406	3.51E-30	0.675720232	1.68E-168	7.86E-07	2.08E-06	0.001382769	NA	NA	10
FBgn0034408	5.47E-27	0.634706286	9.13E-167	NA	6.65E-26	0.000929675	2.62E-20	NA	3
FBgn0034410	3.20E-38	0.759653091	4.01E-194	0.000405052	NA	0.004605123	1.02E-22	NA	1
FBgn0034416	6.41E-45	0.81268485	4.74E-191	0.001309154	NA	0.0034214	1.40E-28	NA	1
FBgn0034417	3.03E-33	0.698218496	2.10E-164	NA	1.19E-15	9.66E-10	NA	NA	5
FBgn0034435	9.88E-47	0.83249868	6.11E-199	0.000151136	NA	0.001022705	2.31E-29	0.038319285	1
FBgn0034436	1.13E-34	0.736419605	8.25E-186	NA	1.33E-07	1.09E-07	0.039081651	2.67E-05	4
FBgn0034438	3.93E-31	0.698781115	7.36E-154	NA	5.85E-29	0.000455225	5.83E-22	0.031660683	3
FBgn0034447	2.03E-25	0.626282784	2.35E-126	7.18E-10	9.23E-12	1.13E-07	NA	2.15E-07	4
FBgn0034459	6.06E-47	0.833830249	9.51E-162	0.021022768	0.024634673	0.003963171	0.00136406	NA	1
FBgn0034461	2.23E-38	0.761039951	2.09E-141	2.49E-07	NA	0.006829791	3.47E-22	NA	1
FBgn0034464	7.24E-45	0.812314667	8.90E-172	4.55E-06	NA	3.84E-05	5.82E-26	NA	1
FBgn0034467	3.03E-48	0.841753401	1.06E-189	6.32E-05	NA	0.000100585	1.58E-31	0.004561064	1
FBgn0034470	2.55E-44	0.808457511	1.83E-140	NA	9.78E-25	NA	9.83E-13	0.040444716	4
FBgn0034472	5.06E-44	0.806325599	3.40E-188	7.09E-05	NA	0.000576923	1.20E-26	NA	1
FBgn0034476	1.45E-44	0.81828775	2.52E-144	4.82E-06	8.61E-16	0.00838368	7.56E-06	NA	7
FBgn0034477	5.54E-44	0.814275489	2.21E-165	2.03E-08	NA	0.001601798	1.94E-27	0.027413742	1
FBgn0034478	4.13E-31	0.698540752	1.53E-128	0.000250113	NA	0.003054096	2.04E-19	0.016020645	1
FBgn0034479	5.00E-50	0.8583248	2.31E-153	3.46E-11	0.000154338	1.01E-08	1.69E-11	1.35E-05	1
FBgn0034480	1.10E-26	0.615714359	3.78E-148	5.11E-07	NA	1.74E-10	NA	NA	9
FBgn0034483	4.45E-40	0.784915001	1.34E-159	0.00626869	NA	0.003633394	2.74E-25	0.041753623	1
FBgn0034484	8.95E-27	0.644953732	1.05E-128	NA	1.16E-17	0.006038092	4.75E-12	0.018998021	7
FBgn0034490	4.09E-38	0.768432394	1.48E-157	1.18E-05	5.41E-25	0.000836134	1.17E-13	NA	4
FBgn0034499	5.44E-37	0.758423643	4.00E-84	0.000607517	4.91E-09	0.012368383	0.020498479	NA	1
FBgn0034505	4.37E-43	0.789987005	2.64E-195	NA	NA	0.00674024	2.47E-33	NA	1
FBgn0034506	9.40E-40	0.78226823	7.26E-170	0.000692184	NA	0.00198395	9.22E-26	0.017853946	1
FBgn0034511	1.15E-27	0.656711252	0.006242889	0.022513932	NA	2.09E-05	1.61E-11	0.003231706	5
FBgn0034512	2.47E-45	0.823472429	1.09E-126	0.002102013	1.54E-22	6.01E-08	NA	4.51E-05	8
FBgn0034528	4.29E-29	0.674715133	5.89E-102	NA	3.19E-10	0.025132519	0.001636589	0.024467143	4
FBgn0034532	1.78E-41	0.795924019	7.73E-170	0.002643866	NA	0.002238715	8.29E-27	0.024887206	1
FBgn0034535	9.26E-28	0.645071979	1.92E-167	NA	NA	0.001744515	3.70E-19	0.015460848	1
FBgn0034538	6.27E-30	0.684807249	7.07E-135	0.002104566	2.21E-09	0.038723608	0.000230409	NA	8
FBgn0034546	6.14E-42	0.790706817	3.83E-177	0.002208568	NA	0.007238807	2.29E-26	NA	1
FBgn0034553	3.72E-42	0.801076808	1.39E-150	1.35E-05	0.00097211	1.19E-05	2.98E-10	NA	10
FBgn0034560	4.68E-41	0.783720368	8.36E-154	0.001922976	NA	0.029187235	1.85E-26	NA	1
FBgn0034566	1.22E-49	0.849824064	5.67E-190	1.15E-08	NA	0.000381255	5.16E-32	0.014737503	1
FBgn0034577	6.18E-29	0.64628437	1.69E-211	NA	NA	4.87E-13	3.67E-09	NA	5
FBgn0034590	1.05E-25	0.601564437	5.78E-189	NA	NA	7.76E-09	1.92E-10	NA	5
FBgn0034592	7.15E-38	0.756505494	2.33E-151	1.98E-05	NA	0.001090545	2.33E-21	NA	1
FBgn0034595	8.19E-38	0.755966013	1.41E-158	0.008405911	NA	0.017334424	2.07E-23	NA	1
FBgn0034598	7.15E-36	0.737674253	1.24E-202	NA	1.67E-17	0.001107989	1.60E-09	NA	4
FBgn0034601	1.01E-42	0.796736233	4.10E-168	0.000187844	NA	0.004157341	1.41E-26	NA	1
FBgn0034611	7.05E-31	0.670713224	2.28E-189	NA	9.40E-16	1.82E-07	NA	NA	5
FBgn0034622	2.12E-35	0.733030304	2.32E-24	NA	2.73E-28	0.000242491	NA	0.000641474	4
FBgn0034641	3.32E-48	0.84819085	1.50E-142	0.00293349	7.53E-09	0.002673357	0.014602598	0.026500192	8
FBgn0034645	4.95E-58	0.884972018	1.73E-160	NA	8.79E-42	0.008517334	1.18E-29	NA	7
FBgn0034647	1.67E-32	0.71396442	1.01E-64	0.014221279	NA	2.40E-08	2.11E-14	1.34E-05	5
FBgn0034655	1.27E-55	0.880033416	9.16E-150	0.023961737	3.72E-17	0.047372024	0.001957846	NA	1
FBgn0034658	1.68E-41	0.787263188	2.20E-152	5.28E-05	NA	0.000136839	1.31E-23	NA	1
FBgn0034659	5.09E-44	0.814532691	4.89E-171	0.005865121	NA	0.000469759	1.22E-29	0.004970231	1
FBgn0034663	1.92E-32	0.723725353	1.90E-155	1.55E-09	9.06E-06	0.000142548	0.003357914	0.005675468	4
FBgn0034664	1.70E-40	0.796617208	9.58E-151	8.73E-15	4.73E-05	0.000143339	0.044285351	0.008391224	4
FBgn0034684	6.89E-34	0.717554556	8.87E-154	0.000426065	NA	0.030205073	3.38E-20	NA	1
FBgn0034687	4.22E-33	0.720320205	8.14E-153	0.006256824	NA	0.001482202	2.25E-18	0.033690385	1
FBgn0034688	3.71E-40	0.776360678	3.87E-169	NA	2.24E-19	0.001852348	6.05E-10	NA	7
FBgn0034689	2.56E-34	0.72204116	6.65E-187	0.002117707	NA	0.014275892	3.07E-20	NA	1
FBgn0034694	4.05E-33	0.709342035	2.21E-166	NA	5.05E-13	0.000595485	4.55E-06	NA	8
FBgn0034709	7.81E-34	0.716984643	1.16E-114	NA	5.77E-33	0.010796069	2.02E-27	NA	3
FBgn0034711	8.40E-25	0.617479377	4.12E-136	NA	9.30E-25	0.000671551	3.71E-21	0.000379573	11
FBgn0034713	4.26E-43	0.799541662	8.32E-171	0.000783293	NA	0.003710571	5.99E-27	NA	1
FBgn0034715	6.32E-26	0.633382806	9.40E-136	1.56E-07	8.15E-15	0.008436287	4.12E-12	NA	9
FBgn0034721	5.73E-39	0.775745754	1.45E-150	2.47E-05	NA	0.000674918	1.57E-24	0.009370973	1
FBgn0034741	3.52E-51	0.858264335	3.69E-44	0.043061143	2.35E-29	7.49E-09	NA	1.39E-06	8
FBgn0034745	2.09E-45	0.807187681	4.29E-200	NA	NA	0.031354293	2.17E-36	NA	1
FBgn0034758	2.58E-41	0.794689441	2.05E-163	0.028266175	NA	3.47E-13	1.52E-19	9.03E-10	8
FBgn0034768	3.47E-43	0.800202288	2.68E-123	2.83E-15	2.51E-18	NA	NA	4.66E-09	2
FBgn0034774	2.49E-30	0.677510835	6.91E-129	0.003910464	NA	0.042333374	8.44E-18	NA	1
FBgn0034789	3.14E-24	0.621926664	1.30E-147	0.00337115	1.21E-15	0.009585764	7.06E-11	0.022744502	7
FBgn0034793	1.06E-44	0.811140703	6.34E-156	NA	4.33E-12	NA	0.010404151	0.000507286	4
FBgn0034800	7.68E-40	0.773711772	3.09E-172	0.016513774	NA	0.008463061	1.04E-24	NA	1
FBgn0034808	1.26E-24	0.627635417	1.35E-153	0.011647027	8.15E-06	0.018855962	6.16E-08	0.045683463	9
FBgn0034816	1.66E-46	0.82342519	5.70E-190	1.10E-07	NA	0.000646197	1.82E-28	NA	1
FBgn0034824	8.12E-44	0.804836033	9.41E-183	0.001716865	NA	0.00231804	2.25E-27	NA	1
FBgn0034825	1.20E-48	0.836946514	1.89E-161	3.49E-12	NA	0.011176843	2.40E-30	NA	1
FBgn0034826	2.31E-36	0.742429652	8.19E-167	0.003728796	NA	0.003015406	5.09E-21	NA	1
FBgn0034827	4.38E-46	0.820632337	1.16E-184	1.07E-07	NA	0.00569056	4.56E-29	NA	1
FBgn0034829	3.48E-28	0.636361374	1.10E-153	NA	NA	0.000315416	1.08E-17	NA	1
FBgn0034834	4.40E-28	0.662066034	5.17E-131	0.000262482	NA	0.002780113	3.43E-18	0.007486864	1
FBgn0034835	1.62E-42	0.795172105	1.83E-176	0.004775371	NA	0.012372098	2.96E-27	NA	1
FBgn0034837	2.50E-28	0.652513391	3.97E-162	5.22E-05	NA	0.023053211	3.17E-15	NA	1
FBgn0034838	5.04E-36	0.739152667	2.59E-145	1.93E-08	NA	8.85E-05	9.20E-18	NA	1
FBgn0034839	3.61E-28	0.663167592	2.05E-124	0.000336927	NA	0.000292154	9.86E-16	0.005145361	1
FBgn0034840	2.07E-47	0.836721037	2.37E-203	1.29E-05	NA	0.000666947	4.82E-30	0.02678322	1
FBgn0034846	1.53E-33	0.713885036	3.02E-147	5.11E-05	NA	0.000397357	3.11E-17	NA	1
FBgn0034850	1.95E-35	0.721616355	2.20E-180	NA	NA	0.030646783	6.13E-27	NA	1
FBgn0034854	3.73E-35	0.730572981	2.76E-195	0.004042748	2.83E-16	0.006787763	NA	NA	8
FBgn0034863	8.05E-42	0.798551828	7.61E-158	1.48E-05	NA	0.002278997	9.39E-27	0.026488815	1
FBgn0034871	1.25E-38	0.772869306	9.28E-162	NA	3.36E-16	0.000100807	6.15E-08	0.008685304	4
FBgn0034877	1.87E-63	0.905976455	2.25E-170	NA	7.76E-44	0.02140344	2.21E-29	NA	7
FBgn0034915	4.85E-29	0.661626112	3.06E-151	1.31E-05	3.59E-13	NA	NA	0.017659529	4
FBgn0034920	3.68E-36	0.728948058	1.78E-177	NA	2.01E-26	0.016191767	NA	NA	8
FBgn0034928	3.46E-35	0.741460325	1.20E-155	1.64E-06	NA	0.000130022	1.02E-20	0.003240589	1
FBgn0034937	1.20E-41	0.788428672	4.13E-173	0.000689052	NA	0.018272381	1.36E-26	NA	1
FBgn0034957	6.04E-46	0.827477556	5.52E-179	0.001143333	NA	0.002790819	3.70E-30	0.039105713	1
FBgn0034964	1.55E-31	0.678602587	2.61E-204	NA	8.71E-21	NA	NA	0.044155331	8
FBgn0034975	9.76E-36	0.724684132	4.65E-208	NA	4.50E-25	0.00312207	NA	NA	8
FBgn0034982	1.52E-27	0.642211071	3.79E-185	4.50E-06	NA	0.043067793	1.72E-14	NA	1
FBgn0034997	9.33E-26	0.631027638	9.99E-147	2.67E-11	1.88E-07	2.76E-12	1.51E-09	NA	5
FBgn0034999	6.13E-27	0.619289298	3.80E-220	NA	NA	7.96E-12	1.47E-08	NA	1
FBgn0035001	1.57E-38	0.772022788	2.52E-214	6.66E-06	2.89E-19	5.01E-05	NA	0.004832524	8
FBgn0035003	9.92E-32	0.693906922	3.40E-140	0.003436715	NA	1.67E-05	3.11E-14	NA	1
FBgn0035004	2.56E-29	0.665114872	4.76E-115	3.88E-05	NA	0.020269301	6.90E-16	NA	1
FBgn0035007	4.55E-43	0.807780855	3.04E-178	0.000118938	NA	0.001461755	2.44E-28	0.015719633	1
FBgn0035014	8.37E-32	0.694745566	6.18E-150	0.019685986	NA	0.003406895	2.23E-17	NA	1
FBgn0035043	2.30E-26	0.61113567	1.15E-189	1.45E-12	NA	5.88E-05	NA	NA	12
FBgn0035047	1.36E-47	0.830422042	1.80E-197	0.002358131	NA	0.000300864	9.12E-30	NA	1
FBgn0035049	1.17E-51	0.854209096	3.51E-187	NA	NA	2.31E-15	1.47E-29	1.72E-07	5
FBgn0035078	4.48E-45	0.813765591	8.44E-166	3.25E-05	NA	5.97E-05	1.80E-26	NA	1
FBgn0035086	9.60E-29	0.670395995	7.75E-178	8.31E-05	NA	0.000787458	1.10E-16	0.008268042	1
FBgn0035087	1.49E-29	0.680317317	5.05E-166	1.89E-16	5.92E-22	NA	2.83E-14	4.08E-05	11
FBgn0035090	3.00E-28	0.66418908	7.41E-160	9.12E-06	1.22E-28	1.05E-09	7.52E-22	NA	11
FBgn0035097	7.27E-35	0.727646189	2.60E-147	6.16E-05	NA	0.01212195	3.25E-20	NA	1
FBgn0035121	1.89E-33	0.712901118	5.79E-216	NA	1.51E-25	1.05E-05	NA	9.61E-05	8
FBgn0035132	4.41E-34	0.707375729	3.25E-192	NA	5.61E-24	0.006672227	NA	NA	8
FBgn0035138	5.70E-39	0.76625749	5.47E-154	0.048641002	NA	0.003499264	2.19E-23	NA	1
FBgn0035139	3.58E-39	0.777458343	1.06E-148	2.83E-09	NA	0.003909191	1.46E-23	0.031649814	1
FBgn0035143	5.10E-43	0.807424913	3.76E-173	0.004984764	NA	0.001570199	1.15E-27	0.023938147	1
FBgn0035145	2.63E-38	0.77009551	1.11E-169	3.62E-09	3.38E-13	3.71E-06	9.89E-07	NA	4
FBgn0035161	2.48E-45	0.823461379	8.29E-172	5.28E-06	NA	4.76E-05	2.30E-29	0.001768459	1
FBgn0035162	1.10E-32	0.72624613	1.31E-138	0.001218727	1.90E-07	0.0163249	0.005506778	0.019714735	4
FBgn0035168	3.89E-32	0.698513266	1.91E-153	0.010639767	NA	0.008358448	3.23E-18	NA	1
FBgn0035176	8.57E-53	0.86024056	1.48E-86	NA	5.96E-24	0.004974894	6.73E-10	NA	8
FBgn0035196	4.18E-43	0.799600367	1.43E-184	0.0028441	NA	0.009057838	1.48E-27	NA	1
FBgn0035197	1.57E-48	0.836227232	4.72E-202	0.000136224	NA	0.000578516	7.00E-31	NA	1
FBgn0035198	3.39E-45	0.814599986	6.89E-198	0.000778636	NA	0.005104343	4.96E-29	NA	1
FBgn0035204	6.30E-42	0.799358304	5.38E-195	6.33E-08	NA	3.88E-05	1.14E-26	0.000936361	1
FBgn0035217	1.70E-47	0.821473146	5.61E-200	NA	NA	1.96E-05	3.68E-35	NA	1
FBgn0035218	2.04E-45	0.816108971	1.60E-178	0.005398343	NA	0.002248022	7.53E-29	NA	1
FBgn0035227	1.25E-41	0.797102006	3.69E-170	2.18E-06	1.08E-11	0.000408245	0.000822333	NA	4
FBgn0035231	3.05E-25	0.636300777	5.61E-142	0.017542041	0.03582846	0.018991799	2.24E-05	0.04955337	1
FBgn0035239	2.66E-42	0.783823256	4.25E-188	NA	NA	0.029422958	2.23E-33	NA	1
FBgn0035240	3.30E-49	0.840299836	1.19E-201	0.000930306	NA	0.001179887	5.83E-32	NA	1
FBgn0035241	2.22E-39	0.779199037	4.00E-102	2.91E-10	1.03E-28	0.00014966	1.29E-24	NA	7
FBgn0035251	2.25E-37	0.751949118	8.38E-176	0.004498638	4.12E-19	0.000366824	NA	NA	6
FBgn0035262	9.69E-37	0.746018501	9.23E-174	NA	NA	0.000623863	3.75E-26	0.009229512	1
FBgn0035263	6.49E-41	0.782574704	4.94E-160	0.028710601	NA	0.008286817	1.20E-25	NA	1
FBgn0035273	2.89E-38	0.769740135	3.10E-160	0.00418249	NA	0.002578254	1.10E-24	0.020484391	1
FBgn0035280	5.69E-25	0.60614988	8.34E-66	NA	2.92E-26	6.08E-05	9.41E-23	NA	3
FBgn0035300	6.74E-47	0.825973724	9.47E-106	3.85E-13	5.78E-26	0.003164995	NA	NA	6
FBgn0035316	4.19E-41	0.774082807	4.80E-184	NA	NA	0.022236726	4.46E-32	NA	1
FBgn0035333	3.51E-29	0.663402084	1.04E-214	0.014064889	NA	0.01299362	3.47E-16	NA	1
FBgn0035335	1.53E-35	0.734442755	1.65E-125	NA	9.63E-24	0.000228127	3.14E-17	NA	7
FBgn0035338	1.16E-30	0.693380184	1.75E-170	5.68E-08	0.00360625	0.003359327	2.05E-06	NA	8
FBgn0035348	6.80E-29	0.683677786	2.08E-150	0.04301858	1.52E-05	0.000305433	6.80E-10	0.002534868	5
FBgn0035358	4.07E-31	0.686833912	6.11E-131	NA	2.75E-15	5.03E-05	7.70E-06	NA	8
FBgn0035360	7.33E-33	0.717785335	1.66E-157	0.003852009	4.28E-19	0.0003797	NA	0.00197337	8
FBgn0035371	2.76E-29	0.677059243	3.71E-195	NA	2.95E-07	1.07E-07	0.016397844	1.07E-05	8
FBgn0035372	1.90E-26	0.640554097	4.80E-164	NA	7.09E-06	1.35E-05	0.041818704	0.001211683	4
FBgn0035380	4.27E-39	0.776821257	2.80E-160	0.000429342	NA	0.000706823	2.13E-23	0.019848132	1
FBgn0035384	1.84E-44	0.809460526	1.83E-170	0.000930666	NA	6.34E-05	4.87E-26	NA	1
FBgn0035397	2.09E-26	0.626675605	4.71E-197	0.000391942	5.47E-09	NA	NA	0.000468647	8
FBgn0035399	2.45E-28	0.665285941	1.10E-137	3.98E-05	NA	0.001685375	1.69E-16	0.013474416	1
FBgn0035410	1.12E-33	0.726328334	1.05E-158	0.001470286	1.40E-34	3.19E-05	4.30E-29	NA	3
FBgn0035422	3.67E-37	0.749972408	5.70E-205	0.001105179	3.28E-21	NA	NA	0.002196257	6
FBgn0035426	1.67E-27	0.641662313	6.14E-133	0.012486951	NA	0.018502059	3.95E-15	NA	1
FBgn0035437	8.30E-34	0.716702579	1.28E-204	2.41E-05	NA	0.00799069	5.75E-19	NA	1
FBgn0035438	4.76E-27	0.648607571	2.17E-172	1.86E-08	6.63E-07	NA	1.14E-11	0.016483435	6
FBgn0035444	1.07E-28	0.657252984	3.22E-157	4.58E-06	NA	0.000396131	4.40E-13	NA	6
FBgn0035455	1.38E-44	0.810338562	1.58E-174	0.011737353	NA	0.00047693	3.17E-27	NA	1
FBgn0035461	1.44E-31	0.692064674	9.72E-182	0.000428574	NA	0.008079102	1.76E-17	NA	1
FBgn0035471	3.26E-25	0.623384166	5.28E-186	5.80E-16	5.31E-23	1.03E-12	7.12E-17	NA	11
FBgn0035473	5.65E-41	0.783062616	1.17E-197	0.000196216	4.40E-22	0.000378279	NA	NA	1
FBgn0035476	1.26E-27	0.656188156	1.28E-113	1.31E-08	1.19E-08	NA	9.24E-05	1.91E-07	8
FBgn0035479	3.41E-25	0.609402665	1.20E-116	NA	1.76E-15	0.033875856	NA	0.008668665	1
FBgn0035488	1.89E-29	0.666762509	1.96E-155	NA	1.08E-08	0.023808469	0.006144793	NA	8
FBgn0035491	2.12E-42	0.794278543	1.44E-177	0.00047224	NA	0.009417635	7.91E-27	NA	1
FBgn0035495	5.93E-30	0.672947729	1.61E-182	NA	1.15E-25	0.0034804	3.80E-22	NA	7
FBgn0035497	5.07E-47	0.826773751	1.23E-198	2.94E-05	4.51E-30	0.048462013	NA	NA	1
FBgn0035499	3.78E-31	0.673988196	6.77E-217	NA	NA	1.51E-06	7.69E-18	NA	5
FBgn0035523	3.20E-44	0.823433169	1.13E-149	0.001406534	1.93E-08	0.001381188	0.010998717	0.008780181	4
FBgn0035529	3.40E-29	0.663562169	8.12E-164	1.76E-13	NA	0.027014121	1.73E-06	NA	9
FBgn0035567	1.61E-31	0.691487707	4.95E-153	0.004409437	NA	0.040607802	9.85E-19	NA	1
FBgn0035581	1.37E-38	0.762912349	3.71E-169	NA	0.034219566	0.012712831	0.012569602	NA	1
FBgn0035583	8.74E-40	0.773241409	1.24E-140	NA	2.05E-22	3.40E-09	NA	0.00014813	8
FBgn0035584	4.88E-40	0.784591041	1.23E-152	0.00188165	NA	0.008412877	1.60E-26	0.043991733	1
FBgn0035585	1.63E-29	0.653757942	2.34E-154	NA	NA	0.019396631	3.11E-21	NA	1
FBgn0035593	1.11E-33	0.726360816	7.59E-187	0.00300449	1.00E-21	0.003819688	NA	0.005795228	1
FBgn0035598	3.17E-44	0.815965184	7.58E-190	0.000145969	NA	0.002930634	3.93E-28	0.049460244	1
FBgn0035611	8.88E-27	0.617022122	1.05E-123	NA	5.67E-13	1.30E-06	NA	NA	8
FBgn0035620	3.35E-23	0.606736262	7.40E-79	2.49E-06	1.99E-15	0.045023572	3.84E-14	0.039560697	11
FBgn0035625	5.00E-29	0.661463942	4.49E-193	1.56E-06	NA	NA	3.79E-12	0.000415775	8
FBgn0035638	2.14E-44	0.799889017	7.21E-190	NA	NA	3.18E-06	2.73E-31	NA	1
FBgn0035656	3.70E-24	0.60804896	1.08E-133	6.88E-06	3.03E-23	0.012072281	4.52E-19	NA	11
FBgn0035657	7.86E-46	0.818928785	4.07E-180	0.00097255	NA	2.86E-05	6.40E-27	NA	1
FBgn0035661	4.81E-28	0.66157292	9.69E-161	0.049314934	NA	7.26E-08	0.003378147	0.000231323	12
FBgn0035666	4.63E-52	0.85637737	7.23E-109	0.018715316	1.03E-19	5.59E-15	NA	NA	10
FBgn0035670	5.58E-44	0.81425694	3.43E-189	1.06E-17	NA	0.002484333	5.57E-09	0.000198839	12
FBgn0035691	1.74E-30	0.665912465	5.15E-60	4.32E-06	NA	1.18E-14	NA	NA	8
FBgn0035693	2.24E-49	0.848339831	4.19E-193	0.001640003	NA	5.92E-05	1.88E-33	0.001667901	1
FBgn0035694	3.06E-31	0.688266933	1.39E-136	NA	3.75E-05	NA	6.21E-10	2.98E-07	2
FBgn0035695	2.61E-38	0.770121585	3.21E-180	0.000780483	NA	5.21E-06	1.33E-17	6.57E-07	6
FBgn0035707	1.32E-40	0.780073962	2.26E-197	0.001689676	NA	0.01210928	1.72E-25	NA	1
FBgn0035709	9.87E-47	0.832501908	4.59E-181	2.37E-05	NA	0.000965208	4.66E-29	0.041522569	1
FBgn0035710	1.13E-28	0.656938518	1.88E-155	NA	3.58E-27	NA	1.98E-20	0.024921741	3
FBgn0035715	7.52E-55	0.870528687	7.52E-194	NA	9.30E-37	9.03E-09	NA	0.000831424	8
FBgn0035718	4.33E-29	0.648289797	2.66E-96	NA	8.63E-10	NA	NA	2.01E-09	1
FBgn0035724	2.69E-47	0.828536103	1.08E-181	2.39E-05	NA	0.001992622	3.15E-30	NA	1
FBgn0035730	8.29E-38	0.755918437	1.04E-151	0.000122951	NA	0.005552434	2.33E-22	NA	1
FBgn0035756	1.23E-24	0.601212513	4.95E-113	0.000509435	2.79E-11	0.010134176	NA	NA	8
FBgn0035768	1.66E-28	0.66743494	2.75E-124	0.04090912	NA	0.001528785	5.42E-17	0.011436182	1
FBgn0035770	5.46E-37	0.758410777	6.00E-168	NA	2.83E-06	2.02E-11	0.028435513	4.92E-06	8
FBgn0035776	4.19E-46	0.828504774	1.98E-193	1.10E-05	NA	0.001282587	3.31E-29	0.035061252	1
FBgn0035779	9.73E-50	0.843423098	3.84E-160	1.81E-33	NA	NA	7.49E-15	5.33E-10	1
FBgn0035780	6.64E-26	0.633085154	1.40E-54	2.66E-07	NA	0.013545088	0.003869659	0.045713055	12
FBgn0035781	1.19E-50	0.848649792	2.23E-161	1.02E-12	NA	9.70E-09	3.37E-27	NA	2
FBgn0035791	8.78E-46	0.826421698	2.28E-122	1.43E-11	NA	6.93E-10	2.06E-33	6.79E-10	6
FBgn0035793	5.52E-49	0.846088647	2.95E-213	NA	1.53E-12	0.000190867	0.003243974	0.046447239	8
FBgn0035799	3.27E-35	0.731150249	8.04E-154	0.017019092	NA	0.029899454	1.21E-21	NA	1
FBgn0035800	1.06E-38	0.773491472	9.80E-168	1.52E-05	NA	0.000924739	6.17E-24	0.014348701	1
FBgn0035802	5.24E-33	0.695552266	6.09E-204	NA	1.07E-14	1.86E-10	NA	NA	8
FBgn0035806	2.01E-34	0.743788278	2.99E-56	0.000293344	0.001472499	6.01E-09	7.42E-07	2.42E-06	5
FBgn0035812	9.39E-35	0.737203908	7.70E-101	8.71E-05	1.34E-07	0.008624488	0.010798173	NA	8
FBgn0035823	9.53E-47	0.832597435	4.17E-179	0.000393529	NA	0.000420455	5.39E-29	0.024601766	1
FBgn0035852	7.78E-47	0.825570955	1.34E-180	0.000391558	NA	7.67E-05	2.46E-28	NA	1
FBgn0035855	3.68E-47	0.827664709	3.08E-163	NA	0.049488833	0.005812984	0.000229887	NA	1
FBgn0035872	9.06E-33	0.705535416	1.86E-186	NA	2.31E-11	0.000758561	0.000106211	NA	8
FBgn0035888	3.77E-27	0.649959118	6.34E-153	NA	4.92E-09	0.000317851	0.001352472	0.002690459	10
FBgn0035890	1.02E-32	0.704982587	7.18E-181	NA	NA	0.000405758	5.89E-19	0.046187866	1
FBgn0035915	6.64E-46	0.819422344	1.84E-209	0.002075437	NA	0.002220418	2.92E-29	NA	1
FBgn0035924	3.62E-37	0.750035192	1.34E-150	0.018117617	NA	0.002511734	1.24E-21	NA	1
FBgn0035933	9.64E-36	0.746804658	1.40E-143	1.28E-14	1.25E-21	0.004867286	1.24E-17	NA	4
FBgn0035935	3.91E-34	0.720132093	1.01E-151	0.039020863	NA	0.009336644	5.89E-20	NA	1
FBgn0035942	1.26E-36	0.744948133	8.51E-176	7.23E-05	NA	0.012985862	8.95E-22	NA	1
FBgn0035943	1.23E-43	0.811837912	6.26E-130	0.017726411	1.28E-12	0.000101479	0.000385167	NA	1
FBgn0035952	2.73E-35	0.731934803	1.70E-162	0.012684967	NA	0.034792248	8.46E-22	NA	1
FBgn0035955	4.90E-25	0.60710037	6.11E-124	0.000633429	NA	0.046838218	1.56E-13	NA	1
FBgn0035957	3.52E-41	0.784709685	5.18E-177	0.019554021	NA	0.004572827	1.71E-25	NA	1
FBgn0035971	3.22E-31	0.688009027	2.16E-148	0.045439096	NA	0.0035386	6.26E-17	NA	1
FBgn0035975	6.25E-42	0.780854952	5.86E-162	NA	5.17E-27	5.27E-07	NA	NA	8
FBgn0035976	3.49E-54	0.873378778	4.14E-182	1.32E-07	NA	2.31E-13	1.95E-27	3.58E-07	8
FBgn0035977	2.11E-41	0.795366349	1.37E-73	3.62E-08	NA	1.49E-14	8.97E-16	7.38E-09	5
FBgn0035978	3.94E-29	0.675171496	8.90E-179	3.97E-13	7.91E-26	NA	1.02E-21	0.021561243	3
FBgn0035982	3.92E-31	0.687022735	9.75E-146	NA	1.26E-24	NA	8.42E-15	2.66E-06	3
FBgn0035988	1.17E-44	0.810863243	3.52E-200	5.90E-06	NA	0.000146685	2.10E-26	NA	1
FBgn0035989	1.31E-36	0.754928447	6.11E-200	1.07E-10	3.48E-17	4.47E-06	NA	0.000381381	1
FBgn0035995	4.05E-36	0.740074842	1.11E-171	NA	NA	1.93E-12	3.50E-12	3.52E-05	8
FBgn0036008	7.42E-32	0.695337015	5.08E-168	2.70E-06	NA	0.003134648	1.52E-16	NA	1
FBgn0036014	4.56E-42	0.791709848	8.22E-176	0.0030691	NA	0.001586553	1.32E-25	NA	1
FBgn0036016	3.42E-39	0.777626253	6.51E-162	1.01E-05	NA	0.000843632	1.95E-23	0.02142107	1
FBgn0036022	1.60E-32	0.71415155	1.56E-119	NA	3.24E-15	3.75E-08	6.75E-20	6.76E-05	1
FBgn0036024	2.11E-35	0.743536652	7.63E-99	2.72E-15	NA	0.003961571	0.000860229	0.000880094	12
FBgn0036029	4.26E-47	0.834783428	1.51E-178	6.46E-05	NA	2.61E-05	3.67E-30	0.001905687	1
FBgn0036030	4.31E-44	0.815039215	1.61E-147	8.59E-05	0.014418725	1.15E-10	3.07E-09	NA	5
FBgn0036031	2.89E-46	0.821832766	4.09E-183	6.21E-05	NA	0.002662728	1.73E-29	NA	1
FBgn0036053	8.62E-37	0.735167672	2.46E-202	NA	4.06E-23	8.07E-06	NA	NA	5
FBgn0036056	9.63E-32	0.694052012	1.31E-152	0.001643625	NA	0.014220339	4.16E-18	NA	1
FBgn0036058	8.01E-40	0.763159153	1.70E-222	NA	2.65E-27	0.000119596	NA	NA	8
FBgn0036075	1.79E-42	0.79483382	1.19E-168	0.041458184	NA	0.019409535	1.35E-27	NA	1
FBgn0036082	3.28E-45	0.814696309	7.41E-184	0.002296766	NA	0.000956816	3.65E-28	NA	1
FBgn0036085	2.47E-43	0.801301368	1.32E-171	5.05E-05	NA	0.049193876	1.91E-28	NA	1
FBgn0036089	8.59E-29	0.644415787	1.06E-133	NA	NA	0.000177992	5.99E-18	NA	1
FBgn0036093	4.82E-34	0.719180873	1.35E-148	0.009653512	NA	0.027166931	1.44E-20	NA	1
FBgn0036106	5.18E-50	0.858242305	9.52E-145	0.003823183	4.69E-10	0.000165263	0.001338834	0.006929953	4
FBgn0036110	1.53E-27	0.642191775	5.83E-38	NA	1.37E-15	NA	1.83E-09	0.001984585	4
FBgn0036125	1.38E-46	0.82394281	6.14E-195	0.000145491	NA	0.000456879	6.07E-29	NA	1
FBgn0036126	3.74E-26	0.648756982	1.72E-107	0.029407613	0.003908222	0.004822309	1.79E-06	0.030013576	5
FBgn0036156	1.92E-41	0.786818437	2.65E-152	0.026542906	NA	3.18E-05	7.93E-23	NA	1
FBgn0036159	3.67E-33	0.697281753	1.56E-176	NA	NA	0.035282517	6.23E-25	NA	1
FBgn0036160	2.83E-35	0.731769632	1.61E-157	0.043774822	NA	0.006397779	1.21E-20	NA	1
FBgn0036161	5.79E-41	0.791957192	2.21E-157	2.37E-06	NA	9.08E-05	8.92E-21	0.032146013	1
FBgn0036162	2.21E-48	0.827218106	1.33E-201	NA	NA	8.53E-05	1.23E-36	NA	1
FBgn0036165	2.21E-25	0.612138119	2.35E-181	NA	6.12E-17	9.76E-06	9.47E-14	NA	7
FBgn0036170	1.47E-44	0.810152571	1.37E-184	0.00046204	NA	0.00321691	3.68E-28	NA	1
FBgn0036180	1.59E-42	0.795235669	1.55E-207	7.35E-06	NA	0.000585222	4.09E-25	NA	1
FBgn0036183	3.05E-43	0.80903684	2.19E-171	0.006083634	NA	1.47E-06	9.85E-27	0.000130768	1
FBgn0036187	3.02E-38	0.769574843	8.80E-112	NA	2.33E-09	0.001163388	0.010948738	0.04921399	4
FBgn0036204	6.83E-32	0.695748349	1.83E-138	0.041794704	NA	0.000730937	1.88E-16	NA	1
FBgn0036211	1.04E-38	0.773554415	8.80E-191	1.56E-07	1.45E-18	NA	4.42E-09	0.00345294	4
FBgn0036214	3.32E-46	0.829155707	4.01E-175	2.61E-05	NA	0.000294139	1.35E-30	0.005886403	1
FBgn0036217	1.49E-35	0.734544458	3.71E-148	0.001463159	NA	0.004759575	1.48E-20	NA	1
FBgn0036218	1.13E-43	0.812105998	1.02E-178	4.27E-05	NA	0.002328093	1.27E-27	0.041142202	1
FBgn0036221	3.08E-34	0.721206744	2.30E-147	0.00241196	NA	0.003328244	2.83E-19	NA	1
FBgn0036222	1.61E-41	0.787420277	1.68E-166	0.000941295	NA	0.006979986	6.43E-26	NA	1
FBgn0036224	1.84E-45	0.816429298	1.84E-174	0.000171906	NA	0.00069325	4.05E-28	NA	1
FBgn0036237	8.31E-33	0.705947139	6.08E-180	NA	NA	2.75E-08	4.97E-14	0.001455509	8
FBgn0036240	2.99E-36	0.751608641	2.37E-121	NA	1.93E-23	0.000492392	1.51E-14	0.000440562	8
FBgn0036246	3.78E-34	0.708101919	1.52E-155	NA	NA	0.000543178	1.70E-23	NA	1
FBgn0036271	9.93E-25	0.602580448	2.67E-131	NA	4.80E-14	3.66E-12	4.59E-06	NA	9
FBgn0036279	2.91E-43	0.816889861	1.20E-157	0.028745259	5.75E-06	0.000474568	4.18E-12	0.023080626	5
FBgn0036286	6.68E-31	0.69615279	5.91E-195	0.001125712	NA	0.000764917	1.67E-16	0.022065425	1
FBgn0036289	1.42E-41	0.787843365	2.28E-132	3.65E-18	4.00E-09	NA	NA	3.78E-17	2
FBgn0036290	2.33E-46	0.822447184	6.18E-164	NA	6.90E-26	NA	1.07E-13	0.004298869	4
FBgn0036299	6.32E-49	0.830637881	7.30E-199	NA	5.02E-34	3.40E-07	NA	NA	8
FBgn0036302	9.43E-28	0.630516587	5.91E-180	NA	3.86E-18	0.005125489	NA	NA	8
FBgn0036310	1.11E-41	0.788697676	1.94E-169	0.006170364	NA	0.003550715	9.33E-26	NA	1
FBgn0036311	6.15E-47	0.826231406	8.08E-187	1.09E-05	NA	5.48E-05	3.96E-28	NA	1
FBgn0036318	1.15E-54	0.869646344	9.08E-216	NA	3.05E-16	3.02E-14	3.72E-05	NA	8
FBgn0036320	6.98E-35	0.738475288	1.70E-13	0.000627741	NA	1.08E-08	4.40E-10	1.71E-07	8
FBgn0036327	1.06E-28	0.657339887	4.34E-139	0.0360096	NA	0.047808763	8.14E-17	NA	1
FBgn0036328	6.89E-46	0.819314613	3.30E-169	0.003379691	NA	3.60E-05	4.39E-27	NA	1
FBgn0036329	1.31E-44	0.810509687	3.48E-173	0.011389606	NA	0.001229288	8.83E-28	NA	1
FBgn0036333	6.77E-35	0.727963996	9.53E-172	NA	3.37E-23	4.47E-06	NA	0.000815178	8
FBgn0036334	2.10E-43	0.810191744	9.50E-168	2.99E-07	2.56E-28	6.67E-06	NA	1.30E-05	4
FBgn0036338	9.26E-43	0.797006555	3.26E-172	1.65E-08	NA	0.015391993	3.59E-26	NA	1
FBgn0036345	2.31E-37	0.751836621	7.18E-146	0.007841073	NA	0.000606573	6.16E-21	NA	1
FBgn0036346	2.36E-40	0.777995464	1.11E-165	0.031627167	NA	0.005561416	6.76E-25	NA	1
FBgn0036348	2.59E-43	0.809543926	3.15E-165	3.91E-05	NA	0.000578286	5.14E-27	0.017335428	1
FBgn0036354	7.41E-30	0.658084167	2.50E-181	NA	NA	1.77E-05	8.75E-18	NA	1
FBgn0036369	2.15E-30	0.664779895	7.27E-201	NA	NA	0.000453458	6.74E-20	NA	1
FBgn0036372	1.16E-25	0.629730046	1.43E-159	0.001296843	7.60E-10	2.80E-06	NA	0.000162957	5
FBgn0036389	2.53E-35	0.720462143	4.20E-195	NA	2.03E-21	4.33E-06	NA	NA	5
FBgn0036415	8.41E-39	0.764786961	4.43E-183	0.003738827	NA	0.005659704	1.71E-23	NA	1
FBgn0036421	2.41E-34	0.733128421	1.74E-134	4.22E-05	NA	0.000131707	2.38E-18	0.009216622	1
FBgn0036433	2.49E-29	0.665256912	7.11E-189	NA	9.22E-16	0.001139402	6.24E-22	NA	5
FBgn0036437	3.70E-48	0.833942805	2.47E-175	6.59E-08	NA	0.000781365	4.49E-30	NA	1
FBgn0036438	6.18E-38	0.757076571	2.75E-166	0.004752559	NA	0.011216878	3.41E-23	NA	1
FBgn0036441	1.00E-36	0.734540646	4.89E-160	NA	NA	0.001007734	2.96E-26	NA	1
FBgn0036443	6.51E-35	0.728132788	9.59E-159	0.034923369	NA	0.004995914	3.55E-20	NA	1
FBgn0036446	5.86E-29	0.673050866	2.78E-170	0.002635908	NA	0.000413601	4.48E-18	0.002559115	8
FBgn0036448	4.24E-41	0.784064812	8.96E-196	NA	2.54E-11	5.43E-05	0.003250707	NA	8
FBgn0036449	4.21E-43	0.790112178	2.04E-178	NA	NA	1.35E-11	3.91E-25	NA	5
FBgn0036450	7.66E-24	0.603330545	3.59E-165	7.14E-07	1.15E-10	9.68E-07	NA	8.66E-06	4
FBgn0036454	5.10E-35	0.74953162	1.15E-187	0.007885405	3.73E-10	0.004756394	8.73E-05	0.004352912	7
FBgn0036461	1.49E-26	0.613819829	1.44E-164	NA	NA	0.04735385	3.38E-19	NA	5
FBgn0036465	1.15E-36	0.755461179	4.08E-160	7.04E-06	NA	0.002638442	7.91E-22	0.036162524	1
FBgn0036482	1.69E-40	0.779192339	3.45E-166	0.030313489	NA	0.01125444	1.73E-25	NA	1
FBgn0036497	4.76E-43	0.807643161	1.97E-167	4.71E-06	NA	0.000349688	1.62E-25	0.021839571	1
FBgn0036498	1.40E-31	0.67914011	4.25E-178	NA	NA	0.002486513	6.67E-22	NA	1
FBgn0036499	2.32E-37	0.751820541	8.09E-129	0.000369948	NA	4.83E-05	1.70E-19	NA	1
FBgn0036510	1.24E-31	0.692780418	4.39E-179	NA	4.93E-11	0.04522475	0.000394075	NA	1
FBgn0036560	2.20E-25	0.638279176	2.71E-114	1.55E-10	0.00011488	0.036746444	0.013271951	0.037654282	8
FBgn0036599	8.34E-27	0.645363955	5.83E-56	0.001829488	3.65E-07	0.014759644	0.00968107	NA	1
FBgn0036609	2.24E-39	0.779153779	3.46E-154	0.000664116	NA	0.000549751	1.79E-23	0.017812168	1
FBgn0036622	8.88E-26	0.631329098	6.49E-153	4.33E-07	0.005523116	0.001522012	NA	0.000424306	12
FBgn0036627	4.72E-34	0.740145217	1.92E-104	9.14E-06	0.000797392	2.14E-06	3.69E-07	0.000848127	5
FBgn0036652	6.38E-47	0.833691228	2.12E-183	0.000584229	NA	0.0005226	1.91E-31	0.008653751	1
FBgn0036654	6.42E-36	0.726521219	5.22E-176	NA	NA	2.81E-08	9.98E-21	NA	1
FBgn0036662	3.29E-41	0.784944521	2.74E-191	3.58E-08	9.40E-25	NA	NA	0.010510512	1
FBgn0036687	9.01E-49	0.844852829	3.46E-190	0.005965645	NA	0.002198685	1.48E-32	0.035263567	1
FBgn0036702	6.81E-47	0.825945196	3.95E-236	NA	NA	0.008888387	8.13E-18	1.43E-07	6
FBgn0036703	3.36E-38	0.759454212	6.30E-157	0.001976182	NA	0.000130283	8.70E-21	NA	1
FBgn0036704	4.79E-42	0.791542723	1.52E-157	NA	0.016476264	0.000187825	0.017722227	NA	1
FBgn0036705	1.42E-29	0.654496267	7.64E-148	NA	NA	0.009803824	7.32E-21	NA	1
FBgn0036706	9.11E-36	0.73664601	6.37E-147	0.040395873	NA	0.006409152	4.68E-21	NA	1
FBgn0036708	2.05E-45	0.824003289	2.67E-177	9.11E-05	NA	0.0012631	5.28E-28	0.047269979	1
FBgn0036723	9.77E-41	0.781131619	6.09E-180	0.04168125	NA	0.007564769	1.97E-25	NA	1
FBgn0036728	5.42E-81	0.950997524	2.56E-181	NA	5.25E-58	0.003477687	4.06E-40	NA	7
FBgn0036729	3.08E-46	0.821648676	9.15E-172	0.003927647	NA	0.000187707	2.94E-28	NA	1
FBgn0036751	6.46E-43	0.806681375	2.76E-169	0.000231063	NA	0.002401848	1.13E-26	0.049505724	1
FBgn0036759	5.28E-26	0.621045842	1.45E-163	NA	7.50E-20	0.001853668	1.67E-12	NA	11
FBgn0036763	2.17E-45	0.823837355	1.92E-196	2.21E-05	NA	0.000437007	7.25E-29	0.014071306	1
FBgn0036765	8.80E-39	0.774168984	1.60E-129	2.99E-11	6.23E-16	6.14E-05	3.69E-09	NA	4
FBgn0036772	2.84E-41	0.802527144	3.07E-95	0.00183065	1.19E-09	0.009230674	0.00063287	0.045244547	4
FBgn0036778	1.21E-46	0.824317066	2.37E-204	2.31E-13	NA	2.33E-09	2.01E-22	NA	2
FBgn0036780	4.51E-30	0.674391797	3.14E-50	NA	1.72E-12	0.000105523	1.25E-06	NA	7
FBgn0036784	3.14E-43	0.800526375	1.64E-178	0.000560158	NA	0.000150299	2.47E-25	NA	1
FBgn0036785	5.98E-51	0.857036387	3.73E-186	0.000350092	NA	7.16E-05	2.31E-33	0.005257607	1
FBgn0036795	9.84E-25	0.616481158	9.10E-113	1.18E-10	7.65E-06	NA	5.48E-07	1.84E-10	2
FBgn0036799	1.91E-31	0.690637839	1.52E-137	3.74E-07	NA	0.038740978	4.07E-17	NA	1
FBgn0036808	2.25E-28	0.638886768	1.93E-147	NA	NA	0.014217869	5.17E-20	NA	1
FBgn0036825	6.04E-45	0.820873835	3.49E-206	7.60E-07	4.32E-15	NA	0.000400859	0.022786331	6
FBgn0036827	1.09E-29	0.681926315	4.47E-120	7.85E-05	1.37E-12	0.000126466	NA	0.008089325	8
FBgn0036828	4.32E-46	0.820668829	1.89E-156	0.001964575	1.97E-19	2.36E-10	NA	NA	8
FBgn0036830	3.05E-40	0.777071463	2.24E-167	0.002143559	NA	0.002131892	3.83E-24	NA	1
FBgn0036832	1.92E-32	0.713299603	4.34E-138	6.39E-06	NA	0.000649987	5.17E-19	0.00876169	1
FBgn0036833	1.96E-28	0.678088942	2.01E-134	0.000309499	0.000754361	0.014589258	0.001642221	0.041433176	12
FBgn0036844	5.99E-24	0.617834632	3.07E-151	7.62E-08	1.14E-07	2.74E-07	3.28E-09	0.000282786	8
FBgn0036875	3.36E-28	0.675182411	7.83E-140	0.003461207	1.63E-05	0.004211733	1.82E-09	0.041541764	1
FBgn0036882	4.41E-45	0.821789355	6.03E-194	0.008398181	NA	0.000339744	9.10E-29	0.010352333	1
FBgn0036910	1.85E-24	0.612493561	1.23E-155	4.84E-09	0.002809599	0.004772146	0.00102885	NA	9
FBgn0036913	4.88E-26	0.621522397	4.42E-218	NA	NA	7.92E-05	2.90E-14	0.01169456	8
FBgn0036921	2.13E-32	0.712819925	7.81E-174	NA	0.019538623	5.83E-08	1.72E-05	0.001943617	8
FBgn0036924	3.06E-41	0.785198902	1.00E-165	0.000113393	NA	0.00277719	5.50E-25	NA	1
FBgn0036925	3.95E-45	0.814141281	3.68E-186	0.005916652	NA	0.001678021	2.00E-28	NA	1
FBgn0036931	3.89E-38	0.758884503	2.08E-178	0.000488442	NA	0.014044598	2.51E-23	NA	1
FBgn0036941	7.36E-38	0.756390027	1.96E-163	2.02E-05	NA	0.000741711	3.75E-21	NA	1
FBgn0036945	6.55E-41	0.791540869	4.43E-170	0.000672852	NA	1.54E-09	1.17E-21	2.09E-06	5
FBgn0036958	8.57E-40	0.773313088	8.78E-187	NA	3.03E-14	0.011658949	5.12E-05	NA	8
FBgn0036962	1.58E-30	0.691853791	2.32E-153	0.00267429	NA	0.003106856	5.42E-18	0.028657345	1
FBgn0036967	3.48E-35	0.730878252	1.47E-179	NA	8.93E-20	0.009627299	8.20E-12	NA	7
FBgn0036980	2.34E-29	0.665598903	3.33E-194	NA	1.45E-07	NA	0.028249069	0.007277997	8
FBgn0036993	1.60E-25	0.627764457	1.33E-149	8.12E-05	1.27E-16	0.005351674	NA	0.001518886	4
FBgn0036995	1.50E-36	0.754398979	2.13E-09	NA	5.55E-11	1.47E-05	0.000714082	0.001186474	4
FBgn0036996	8.31E-56	0.875053693	1.71E-148	3.77E-10	1.08E-22	1.29E-17	NA	NA	2
FBgn0037007	5.65E-34	0.729377024	1.86E-155	0.000450976	9.32E-15	NA	1.06E-06	0.041404564	8
FBgn0037011	7.69E-25	0.618033753	3.97E-143	0.028908058	8.88E-15	0.007514685	NA	0.01437001	6
FBgn0037012	7.41E-36	0.725896531	2.82E-173	NA	NA	0.001910039	9.34E-26	NA	5
FBgn0037018	2.17E-25	0.625886112	4.40E-157	0.017784966	2.75E-10	4.23E-05	NA	0.001297542	1
FBgn0037019	5.32E-27	0.634877291	1.62E-155	NA	1.14E-22	0.03555159	4.44E-16	NA	11
FBgn0037020	3.33E-24	0.608717428	3.43E-153	6.58E-06	4.17E-18	NA	1.23E-10	0.037289435	4
FBgn0037021	8.03E-40	0.782830515	3.90E-160	0.026361675	4.82E-25	0.000250421	NA	0.001052252	8
FBgn0037026	4.33E-37	0.749305441	1.38E-160	NA	3.67E-18	0.000188747	4.20E-10	NA	8
FBgn0037035	1.42E-42	0.804189411	1.94E-173	7.87E-06	NA	0.002249769	7.46E-27	0.034161152	1
FBgn0037037	5.05E-37	0.748686883	2.43E-171	NA	NA	0.000238322	4.63E-25	0.010344638	1
FBgn0037040	7.36E-46	0.826921696	1.73E-190	0.000724206	NA	0.000120519	3.03E-29	0.005512955	1
FBgn0037051	1.91E-31	0.702327451	2.55E-205	0.00874298	NA	0.008748039	5.45E-20	0.036777985	1
FBgn0037059	2.01E-42	0.794447683	3.17E-171	0.000185102	NA	0.001580879	8.86E-26	NA	1
FBgn0037063	4.17E-32	0.709645725	2.23E-165	1.17E-13	1.60E-07	0.008458112	0.003227952	NA	6
FBgn0037064	1.99E-48	0.835602477	6.46E-193	0.000334317	NA	0.00143042	2.77E-31	NA	1
FBgn0037071	5.75E-36	0.727008603	1.85E-170	NA	NA	1.29E-05	1.85E-23	NA	5
FBgn0037074	1.15E-31	0.693158868	4.39E-187	NA	8.44E-15	NA	3.36E-07	0.00990726	8
FBgn0037082	6.47E-32	0.707550339	1.42E-76	0.003103543	3.22E-18	4.07E-05	NA	0.000198514	4
FBgn0037086	4.33E-45	0.821842346	1.67E-176	1.59E-08	NA	0.000290091	1.18E-27	0.013157608	1
FBgn0037101	3.72E-41	0.784517709	2.34E-176	5.09E-05	NA	0.002276348	9.80E-25	NA	1
FBgn0037115	1.35E-47	0.822141603	6.13E-195	NA	NA	0.00151416	4.82E-37	NA	1
FBgn0037116	2.53E-36	0.752275903	2.27E-176	0.047883644	7.03E-15	NA	3.22E-06	0.010695571	4
FBgn0037137	4.90E-28	0.661466672	2.61E-140	0.005606668	7.64E-17	7.35E-06	NA	6.18E-06	4
FBgn0037138	1.79E-25	0.613452346	5.82E-186	NA	2.85E-11	0.008803355	5.58E-06	NA	7
FBgn0037147	1.06E-41	0.788853954	1.04E-181	0.000307512	NA	0.001752474	3.21E-25	NA	1
FBgn0037151	1.31E-33	0.714601501	6.14E-113	0.003218955	NA	0.002256646	1.55E-18	NA	6
FBgn0037166	1.07E-49	0.850141662	2.71E-136	3.09E-24	1.66E-25	NA	5.05E-14	0.023476788	4
FBgn0037167	7.82E-42	0.789885978	7.57E-99	0.001220571	NA	9.78E-16	4.32E-11	NA	5
FBgn0037169	1.50E-36	0.744215008	3.81E-151	0.004174814	NA	0.000143347	2.04E-19	NA	1
FBgn0037170	3.99E-40	0.785292622	2.02E-160	1.26E-06	NA	0.002120991	1.86E-24	0.033703607	1
FBgn0037191	4.96E-37	0.748752509	5.14E-156	NA	NA	0.002503419	7.71E-27	0.018829693	1
FBgn0037195	4.80E-38	0.747127817	1.36E-175	NA	NA	0.035029829	1.86E-29	NA	1
FBgn0037203	8.42E-33	0.693235639	1.77E-197	NA	NA	6.86E-09	5.10E-17	NA	10
FBgn0037207	8.49E-25	0.617411674	4.73E-138	NA	4.33E-08	0.000804833	0.006060279	0.001743219	8
FBgn0037240	4.71E-54	0.872757611	2.47E-213	0.048672432	NA	2.61E-07	6.81E-31	0.001083837	8
FBgn0037270	2.48E-34	0.733002886	2.37E-195	1.99E-05	8.56E-09	NA	0.032447373	0.030662829	6
FBgn0037276	3.11E-44	0.816018302	2.15E-171	0.000328541	NA	0.000447161	2.34E-28	0.011157551	1
FBgn0037283	4.13E-36	0.739996801	1.39E-158	0.008183747	NA	0.011779363	1.04E-21	NA	1
FBgn0037288	2.33E-56	0.883298909	4.38E-179	0.000143083	2.57E-32	3.80E-19	NA	2.72E-17	10
FBgn0037290	2.56E-44	0.816597548	3.35E-165	0.015133383	9.39E-10	NA	0.045712751	2.13E-06	5
FBgn0037292	3.77E-50	0.852677164	5.42E-167	3.79E-09	3.33E-28	1.43E-06	NA	0.000636309	1
FBgn0037293	9.09E-25	0.603151467	1.44E-149	NA	3.85E-12	2.30E-05	4.67E-08	NA	4
FBgn0037296	5.59E-35	0.728803546	9.43E-158	6.06E-06	NA	0.00159042	6.27E-19	NA	1
FBgn0037310	1.13E-26	0.630414725	9.01E-137	0.027968527	NA	0.014399802	2.26E-14	NA	1
FBgn0037320	3.65E-29	0.663182632	3.41E-136	0.007143356	NA	0.0193303	2.14E-16	NA	1
FBgn0037323	1.88E-40	0.77879616	6.60E-124	4.08E-23	1.47E-06	NA	NA	2.25E-17	2
FBgn0037325	7.19E-47	0.817313609	1.28E-184	NA	NA	9.90E-05	3.61E-35	NA	1
FBgn0037327	3.34E-52	0.863604376	4.02E-188	0.001468	1.35E-28	5.09E-06	NA	0.004391505	8
FBgn0037328	2.02E-40	0.778540461	3.43E-203	0.010681326	3.56E-26	NA	NA	0.047206471	6
FBgn0037329	1.87E-55	0.866843906	3.73E-216	NA	5.65E-44	0.001902999	NA	NA	1
FBgn0037345	5.18E-25	0.606752254	6.59E-43	NA	2.96E-10	NA	5.41E-05	0.004007047	4
FBgn0037351	3.60E-31	0.687455279	3.29E-215	0.037958117	4.65E-17	0.026854217	NA	NA	6
FBgn0037365	2.44E-26	0.625751991	5.14E-134	0.000591782	NA	0.010467451	1.39E-13	NA	1
FBgn0037375	4.79E-45	0.813563694	5.58E-186	0.000841526	NA	0.000820971	6.74E-28	NA	1
FBgn0037379	2.08E-28	0.666185491	1.34E-161	NA	1.32E-06	0.00095532	0.033298643	0.025054605	4
FBgn0037385	1.44E-38	0.762731505	2.55E-152	0.01913615	NA	0.002855994	6.46E-23	NA	1
FBgn0037387	7.78E-37	0.746922328	1.11E-182	0.000639288	1.88E-17	4.34E-05	NA	NA	6
FBgn0037388	1.02E-37	0.764956389	3.16E-160	6.69E-05	NA	0.001933414	1.03E-23	0.019228145	1
FBgn0037402	7.65E-32	0.706746134	1.32E-137	0.006589387	NA	0.000586033	2.28E-20	0.003443534	1
FBgn0037432	2.78E-34	0.721680419	6.34E-148	0.022802938	NA	0.00098676	1.28E-18	NA	1
FBgn0037447	8.90E-38	0.755639678	2.23E-151	NA	0.011762794	7.00E-06	1.03E-09	NA	5
FBgn0037454	7.24E-40	0.763538938	7.86E-189	NA	NA	0.000709864	4.16E-29	NA	1
FBgn0037455	2.63E-41	0.785723756	6.62E-163	0.00337322	NA	0.010066039	4.92E-26	NA	1
FBgn0037456	3.19E-37	0.750539195	1.96E-152	0.000505748	NA	0.013507595	1.61E-22	NA	1
FBgn0037460	2.72E-37	0.75117814	3.08E-158	1.59E-05	NA	0.016638605	2.68E-22	NA	1
FBgn0037461	6.77E-39	0.765610168	1.32E-163	0.014490852	NA	0.000183175	1.44E-21	NA	1
FBgn0037462	4.62E-37	0.737796974	1.99E-169	NA	NA	1.58E-07	1.30E-22	NA	1
FBgn0037463	3.68E-37	0.749965816	2.16E-169	0.000289042	NA	0.009749237	3.25E-22	NA	1
FBgn0037464	7.75E-41	0.781949374	6.05E-182	0.005493268	NA	0.002472879	8.65E-25	NA	1
FBgn0037465	4.66E-31	0.672885841	2.11E-202	NA	NA	0.021638606	1.07E-22	NA	6
FBgn0037482	1.88E-38	0.761703001	1.74E-199	2.82E-07	NA	0.000697694	3.54E-21	NA	1
FBgn0037483	3.04E-45	0.822868927	4.20E-182	2.67E-05	NA	0.000153411	2.26E-28	0.007905858	1
FBgn0037500	6.76E-46	0.819368269	1.07E-164	0.010777434	NA	0.000145296	8.56E-28	NA	1
FBgn0037502	8.08E-43	0.797453739	4.85E-174	0.000834019	NA	0.002497743	1.77E-26	NA	1
FBgn0037506	9.93E-39	0.764152267	5.06E-170	0.000843362	NA	0.001647262	1.27E-22	NA	1
FBgn0037512	2.31E-40	0.778062382	7.64E-162	0.000178186	NA	5.88E-05	3.20E-22	NA	1
FBgn0037513	4.09E-27	0.636424061	2.24E-165	0.017911752	NA	0.000269104	3.55E-12	NA	5
FBgn0037514	6.07E-45	0.803876972	3.44E-187	NA	NA	1.76E-07	9.92E-31	NA	1
FBgn0037515	3.97E-42	0.782440453	9.97E-165	NA	3.35E-21	NA	NA	5.74E-10	8
FBgn0037516	1.66E-37	0.763059132	2.76E-148	0.00050469	NA	0.002329985	5.24E-24	0.018623695	1
FBgn0037517	5.58E-31	0.697046775	4.44E-121	0.010066837	1.02E-11	6.43E-05	1.20E-06	NA	8
FBgn0037544	1.74E-24	0.612888289	2.37E-133	0.011273072	9.73E-09	9.70E-06	NA	0.000541197	1
FBgn0037547	2.87E-26	0.638096814	1.90E-173	1.95E-18	4.00E-17	NA	2.78E-10	2.44E-07	11
FBgn0037549	1.87E-26	0.640619075	3.37E-161	4.12E-08	6.69E-07	0.035417866	0.00624995	NA	4
FBgn0037552	3.88E-28	0.674415618	2.59E-82	0.00278156	3.17E-07	0.040260635	0.002232929	0.046684493	4
FBgn0037555	8.94E-46	0.818549824	5.80E-147	NA	4.12E-12	0.000176889	0.010086237	NA	8
FBgn0037562	6.79E-36	0.748247737	3.80E-109	0.001538861	NA	9.44E-13	7.38E-11	5.67E-08	8
FBgn0037565	7.87E-26	0.603415482	1.19E-179	NA	NA	1.53E-05	4.67E-14	NA	8
FBgn0037571	7.71E-32	0.706704571	1.46E-123	0.023699391	NA	0.003602561	7.72E-19	0.034336143	1
FBgn0037572	2.28E-28	0.638804818	7.24E-136	NA	NA	NA	2.34E-15	0.001881914	1
FBgn0037579	2.97E-38	0.769639977	1.57E-161	6.91E-05	NA	0.000133751	1.31E-22	0.005678653	1
FBgn0037580	2.61E-24	0.610275066	2.15E-188	7.99E-07	0.002402935	0.028698043	7.05E-08	NA	1
FBgn0037581	1.71E-40	0.768948911	2.86E-178	NA	NA	0.000309412	2.49E-29	NA	1
FBgn0037610	1.57E-32	0.702916343	4.53E-189	4.54E-06	NA	0.000952207	1.39E-16	NA	1
FBgn0037613	2.38E-45	0.823571119	8.42E-122	0.003438222	1.31E-28	0.006586436	1.37E-19	NA	7
FBgn0037616	2.72E-49	0.840801837	3.22E-192	0.005858167	NA	0.003108574	1.29E-32	NA	1
FBgn0037624	9.57E-39	0.764293848	2.10E-167	NA	9.01E-20	0.011709702	1.66E-10	NA	4
FBgn0037626	9.76E-45	0.802380479	2.94E-185	NA	NA	5.27E-05	9.13E-33	NA	1
FBgn0037632	1.89E-49	0.855187539	6.35E-155	0.001267744	1.86E-11	7.23E-05	0.000571736	0.000424257	4
FBgn0037636	5.55E-29	0.646891735	7.27E-190	NA	5.80E-15	NA	NA	0.000120718	8
FBgn0037637	1.20E-46	0.82433389	2.87E-167	NA	2.46E-26	NA	1.12E-13	0.027883762	4
FBgn0037643	8.99E-42	0.798189179	1.09E-170	NA	7.10E-27	0.013496749	2.08E-16	0.015388934	7
FBgn0037655	2.37E-36	0.752538231	1.33E-188	NA	2.45E-24	0.030512291	1.85E-15	0.030542016	7
FBgn0037659	5.00E-41	0.792458523	2.17E-184	0.001195402	7.52E-24	8.67E-05	NA	0.001814949	8
FBgn0037664	4.16E-42	0.792016621	4.95E-162	1.26E-16	NA	0.000184105	3.55E-20	NA	1
FBgn0037680	6.34E-28	0.632857173	6.14E-161	NA	2.68E-18	0.005192308	NA	NA	8
FBgn0037683	1.74E-48	0.835957352	6.20E-126	NA	1.02E-14	3.25E-10	5.85E-05	NA	8
FBgn0037686	8.20E-26	0.618325744	1.01E-197	0.000346487	3.73E-13	NA	NA	0.013899975	6
FBgn0037697	1.05E-35	0.73604887	9.97E-133	NA	3.92E-28	NA	1.79E-20	0.02382413	4
FBgn0037710	1.73E-31	0.691125603	6.45E-183	0.005993954	NA	0.006680778	1.61E-17	NA	1
FBgn0037715	1.22E-57	0.88327874	1.30E-168	NA	8.19E-41	8.40E-08	2.14E-30	NA	7
FBgn0037719	1.46E-46	0.831437029	2.85E-162	6.19E-09	2.43E-25	0.010445472	NA	0.000221536	8
FBgn0037720	4.68E-26	0.63518247	2.02E-196	0.004869316	2.96E-06	1.02E-07	0.000894233	NA	8
FBgn0037724	9.89E-27	0.616362672	4.98E-77	NA	1.31E-15	0.000279939	NA	NA	5
FBgn0037727	6.91E-27	0.618551331	4.72E-133	NA	NA	1.00E-09	1.36E-10	NA	5
FBgn0037742	5.92E-37	0.748038041	4.04E-159	0.014224706	NA	0.000193061	6.52E-20	NA	1
FBgn0037746	1.19E-28	0.656670986	3.17E-155	NA	NA	0.000363003	3.97E-17	0.021648976	1
FBgn0037749	7.31E-25	0.618351917	2.61E-164	0.000617924	9.77E-15	1.71E-05	5.53E-14	NA	9
FBgn0037751	2.17E-28	0.677544693	3.29E-117	0.023385707	0.040459716	0.008658904	2.01E-05	0.041724146	1
FBgn0037756	8.76E-35	0.726827567	4.04E-170	NA	3.22E-18	0.028768908	5.23E-10	NA	4
FBgn0037757	4.46E-31	0.698154099	2.07E-167	0.021598503	2.65E-17	3.88E-05	NA	0.000194916	8
FBgn0037759	6.42E-43	0.798208164	1.71E-185	0.004693792	NA	0.001673344	2.06E-26	NA	1
FBgn0037763	6.52E-25	0.619059898	1.92E-174	0.027429744	2.31E-26	9.17E-08	1.22E-23	NA	11
FBgn0037764	1.86E-33	0.724041807	5.99E-156	8.11E-23	1.05E-22	NA	1.47E-13	8.37E-10	11
FBgn0037765	1.37E-25	0.628681567	1.70E-133	7.30E-20	2.12E-15	NA	3.61E-10	3.52E-06	11
FBgn0037782	4.30E-46	0.828431614	3.75E-114	1.21E-09	NA	9.57E-09	3.61E-09	1.50E-06	10
FBgn0037807	2.70E-54	0.873901702	5.55E-163	NA	3.89E-23	1.53E-05	6.05E-10	0.005078225	7
FBgn0037827	5.64E-38	0.757438115	3.43E-156	0.014047468	NA	0.000237352	6.48E-21	NA	1
FBgn0037828	3.01E-39	0.768664083	1.73E-166	0.020675563	NA	0.003362815	1.31E-23	NA	1
FBgn0037837	4.33E-30	0.674610299	7.81E-135	NA	NA	2.98E-07	9.57E-17	0.000419229	1
FBgn0037843	1.14E-36	0.755500049	8.00E-202	3.66E-05	NA	2.20E-05	1.28E-21	0.001068275	1
FBgn0037850	8.05E-38	0.765850283	1.13E-46	0.014357593	6.64E-11	0.046960057	0.003307308	NA	8
FBgn0037852	3.35E-41	0.774882502	3.36E-162	NA	NA	NA	6.48E-20	2.49E-09	6
FBgn0037855	8.52E-28	0.658387059	1.54E-152	2.17E-06	2.97E-12	0.017382254	2.91E-07	NA	4
FBgn0037857	1.54E-44	0.810012584	6.26E-168	3.09E-05	NA	0.000205253	1.47E-26	NA	1
FBgn0037862	1.53E-43	0.811175662	4.47E-184	0.001823842	NA	0.002448299	1.44E-27	0.043682663	1
FBgn0037873	1.12E-59	0.891799763	1.49E-172	NA	1.00E-40	3.15E-05	2.97E-28	NA	7
FBgn0037900	4.81E-40	0.784640312	2.86E-179	9.96E-06	NA	0.00224975	1.99E-24	0.038060961	1
FBgn0037906	2.61E-40	0.777628217	7.95E-135	NA	1.70E-22	2.34E-10	NA	2.66E-05	5
FBgn0037910	1.80E-31	0.690928107	3.42E-146	0.025283829	NA	0.008525119	1.00E-17	NA	1
FBgn0037915	2.64E-47	0.820222464	4.79E-209	NA	NA	0.000110596	1.19E-35	NA	1
FBgn0037917	1.12E-40	0.780650976	8.84E-170	NA	3.13E-20	NA	5.70E-10	0.001985832	4
FBgn0037924	1.46E-41	0.787745304	5.24E-197	5.91E-06	NA	0.004434207	3.09E-25	NA	1
FBgn0037926	3.22E-42	0.792882615	1.28E-162	NA	6.61E-12	0.001310122	0.004339226	NA	4
FBgn0037934	2.69E-32	0.711722789	1.18E-147	8.27E-11	7.75E-06	3.89E-05	8.41E-09	NA	9
FBgn0037935	1.01E-27	0.669223919	3.70E-169	0.030552605	5.46E-12	0.014296762	7.46E-08	0.046778003	9
FBgn0037936	1.42E-42	0.795588703	5.62E-132	1.87E-19	4.14E-05	1.39E-05	NA	NA	9
FBgn0037939	4.69E-46	0.820431012	3.82E-192	0.001193206	NA	0.000535427	1.29E-28	NA	1
FBgn0037942	1.47E-29	0.654304214	3.75E-192	NA	NA	0.03822407	1.02E-21	NA	1
FBgn0037962	3.96E-43	0.799774983	6.84E-162	5.45E-06	NA	0.012718594	3.28E-27	NA	1
FBgn0037970	1.83E-47	0.837036115	3.10E-184	0.001444014	1.43E-16	0.019897	2.28E-05	NA	1
FBgn0037973	8.62E-40	0.782578636	2.14E-146	2.62E-27	4.32E-08	NA	0.004792548	0.007593819	6
FBgn0037978	1.15E-34	0.72560586	1.18E-141	5.70E-24	0.000125766	0.001347134	NA	NA	12
FBgn0037985	2.55E-48	0.84219809	1.65E-193	2.38E-05	NA	0.000517428	1.25E-31	0.015233289	1
FBgn0037986	4.48E-34	0.707296667	1.03E-162	NA	NA	0.005782267	1.10E-24	NA	1
FBgn0037987	3.85E-43	0.808304567	6.60E-171	0.002700668	NA	0.001296375	1.25E-26	0.035585837	1
FBgn0037988	7.58E-44	0.805055573	1.26E-181	0.001232544	NA	0.003472163	1.30E-27	NA	1
FBgn0037994	1.99E-45	0.824095701	1.89E-147	1.08E-16	0.04176763	0.000314582	0.015977725	NA	1
FBgn0037995	7.78E-42	0.789904733	9.65E-177	0.003691931	NA	0.000148473	4.32E-24	NA	1
FBgn0037996	1.27E-44	0.801549577	1.19E-88	NA	2.33E-17	3.18E-20	NA	NA	10
FBgn0038000	1.35E-42	0.795764978	4.26E-170	0.005135715	NA	0.002844415	1.96E-26	NA	1
FBgn0038008	8.48E-45	0.819879847	9.22E-176	0.000254336	NA	0.001342625	5.00E-28	0.038202586	1
FBgn0038009	2.88E-48	0.834611627	3.47E-158	5.11E-09	NA	2.84E-17	4.07E-17	NA	2
FBgn0038018	1.79E-39	0.770595293	2.10E-157	0.000380596	NA	0.000524845	1.33E-22	NA	1
FBgn0038020	5.74E-46	0.827619157	1.95E-184	5.12E-11	2.64E-28	0.000315692	NA	0.001581431	4
FBgn0038032	2.93E-39	0.768762716	2.92E-201	5.54E-06	NA	1.17E-11	6.27E-14	NA	2
FBgn0038035	5.69E-58	0.890152549	3.54E-135	0.0440964	3.89E-20	0.010315124	3.63E-05	NA	8
FBgn0038054	1.70E-26	0.641192763	2.39E-113	1.47E-05	NA	0.000588033	2.53E-15	0.004627285	1
FBgn0038067	9.23E-35	0.737274753	3.17E-144	0.038156505	3.60E-05	NA	1.17E-09	2.43E-09	2
FBgn0038074	3.39E-41	0.784843425	1.38E-136	NA	NA	1.48E-07	2.06E-26	0.000310567	5
FBgn0038078	5.31E-35	0.729032306	4.68E-151	0.001845917	NA	0.005120471	3.73E-20	NA	1
FBgn0038082	8.87E-27	0.631841845	9.25E-122	NA	NA	3.63E-14	0.011968076	0.000104315	9
FBgn0038089	1.86E-28	0.63999005	2.51E-146	NA	NA	0.040595564	8.95E-21	NA	1
FBgn0038090	3.83E-27	0.636819023	1.91E-114	3.55E-05	NA	0.025424426	2.75E-14	NA	1
FBgn0038102	1.61E-35	0.744678607	1.51E-140	0.007755534	NA	0.001459786	4.25E-21	0.023991905	1
FBgn0038105	7.54E-27	0.645949411	5.02E-150	2.35E-17	1.35E-09	NA	1.68E-06	1.63E-05	4
FBgn0038109	3.66E-41	0.793511776	3.15E-165	0.000234143	NA	0.001485052	1.66E-25	0.029418928	1
FBgn0038111	2.22E-41	0.795184539	2.17E-219	9.85E-06	NA	0.000311531	5.91E-25	0.012747611	1
FBgn0038115	9.22E-27	0.631607697	2.28E-164	1.77E-11	NA	0.002687892	9.52E-10	NA	6
FBgn0038122	4.87E-35	0.717512707	1.11E-169	NA	NA	0.003466375	2.66E-25	NA	1
FBgn0038123	4.21E-34	0.719800011	3.95E-156	0.026387107	NA	0.001389498	1.12E-18	NA	1
FBgn0038125	1.16E-35	0.746053466	1.48E-149	0.002375379	NA	0.000241365	1.11E-21	0.004524203	1
FBgn0038126	4.87E-29	0.674040738	1.27E-51	NA	1.14E-14	0.022205632	2.96E-07	0.024003185	7
FBgn0038127	3.14E-37	0.739415494	3.34E-179	NA	NA	0.001850417	4.81E-27	NA	1
FBgn0038129	2.12E-27	0.625700186	1.71E-188	NA	1.32E-11	2.03E-08	NA	NA	8
FBgn0038146	2.56E-27	0.639169103	4.15E-132	NA	4.87E-13	0.01222058	3.86E-07	NA	4
FBgn0038149	8.25E-28	0.65856909	1.85E-176	NA	0.047656249	2.85E-05	2.94E-05	0.009248271	5
FBgn0038163	4.95E-45	0.821453633	2.50E-189	1.93E-06	NA	0.001233015	1.17E-28	0.025759778	1
FBgn0038167	5.38E-42	0.799874472	1.00E-194	2.76E-09	NA	0.00057685	1.52E-23	0.03632013	1
FBgn0038175	4.41E-43	0.79942369	1.40E-170	0.000331918	NA	0.003704808	7.05E-27	NA	1
FBgn0038179	7.99E-33	0.706133457	2.90E-142	7.81E-17	NA	0.000328718	6.95E-11	NA	6
FBgn0038186	1.10E-26	0.643731336	1.00E-117	0.014356472	NA	0.009343507	6.87E-16	0.047666391	1
FBgn0038198	1.70E-39	0.770786536	6.63E-175	0.000136459	1.07E-22	NA	NA	0.001083943	6
FBgn0038200	2.02E-42	0.803043128	1.95E-188	0.010074246	NA	0.005551804	3.45E-28	0.038669145	1
FBgn0038209	2.12E-30	0.678359077	1.85E-122	1.98E-06	NA	0.004878678	1.60E-15	NA	1
FBgn0038211	9.10E-35	0.726656641	1.50E-146	NA	0.030653027	6.03E-14	3.53E-06	NA	5
FBgn0038213	1.39E-47	0.822064119	8.83E-187	NA	NA	2.76E-06	1.66E-34	NA	1
FBgn0038217	1.13E-33	0.726288434	3.93E-137	0.004728154	NA	0.002791587	5.60E-23	0.007018796	1
FBgn0038219	8.36E-32	0.706320612	4.19E-132	0.004040306	NA	0.000273544	4.94E-22	0.000553424	1
FBgn0038224	4.50E-61	0.897270872	1.42E-164	NA	5.27E-45	0.026215555	2.34E-32	NA	7
FBgn0038225	1.36E-45	0.825175701	7.74E-183	0.000349835	NA	0.001173378	2.78E-28	0.043006	1
FBgn0038233	1.59E-30	0.666401022	2.78E-194	NA	NA	0.021197845	3.35E-22	NA	1
FBgn0038248	9.99E-48	0.838642933	2.23E-197	0.000776346	NA	0.002478224	3.46E-31	0.047127685	1
FBgn0038250	5.60E-42	0.781240238	2.52E-153	NA	NA	2.05E-14	2.69E-21	NA	5
FBgn0038258	2.74E-38	0.769936592	7.82E-167	0.007650572	NA	0.002250802	6.05E-23	0.041316273	1
FBgn0038266	1.80E-42	0.7948215	4.55E-169	0.00093109	NA	0.000643865	1.99E-25	NA	1
FBgn0038269	1.84E-36	0.743365919	1.25E-194	6.09E-05	NA	0.003992451	6.07E-21	NA	1
FBgn0038280	7.48E-45	0.812213111	6.09E-171	0.008669665	NA	0.000782185	9.54E-28	NA	1
FBgn0038281	1.15E-41	0.788583064	7.85E-162	0.036108107	NA	0.00682565	3.49E-26	NA	1
FBgn0038296	5.13E-48	0.84038855	7.46E-193	0.000323093	NA	0.001105655	1.04E-31	0.022916093	1
FBgn0038299	1.44E-34	0.724613255	1.48E-67	NA	0.001667462	1.16E-16	2.44E-07	NA	5
FBgn0038341	1.13E-24	0.601765175	9.60E-140	NA	2.14E-25	0.005295661	1.78E-21	NA	3
FBgn0038344	1.15E-35	0.723949917	7.49E-185	NA	4.10E-25	0.003788724	NA	NA	8
FBgn0038345	4.29E-30	0.661061441	5.12E-146	NA	NA	1.58E-08	8.88E-15	NA	1
FBgn0038349	2.23E-38	0.770709198	2.00E-171	7.59E-24	1.50E-14	NA	2.12E-08	9.04E-05	4
FBgn0038353	1.22E-41	0.797167858	5.87E-179	0.000739663	NA	6.62E-09	1.91E-07	2.65E-05	8
FBgn0038355	1.42E-43	0.81140635	4.43E-171	1.74E-07	NA	3.51E-06	2.97E-25	0.001064183	1
FBgn0038356	8.76E-33	0.693038881	7.36E-144	NA	NA	2.24E-07	1.53E-18	NA	1
FBgn0038357	3.50E-38	0.748408181	2.25E-175	NA	NA	0.002098418	5.10E-28	NA	1
FBgn0038359	5.71E-44	0.796712825	2.85E-196	NA	NA	0.000213763	1.37E-32	NA	1
FBgn0038361	2.52E-42	0.802336508	8.54E-173	4.05E-05	NA	0.000412845	2.03E-25	0.019481865	1
FBgn0038373	1.49E-48	0.836371131	2.72E-199	5.65E-06	NA	0.000915736	6.37E-31	NA	1
FBgn0038377	1.74E-38	0.762015157	9.88E-166	0.00764466	NA	0.000503883	8.39E-22	NA	1
FBgn0038400	1.08E-48	0.837204841	4.86E-177	NA	7.31E-34	0.035819522	3.28E-23	NA	7
FBgn0038423	2.22E-41	0.795182545	9.45E-172	6.18E-05	NA	0.000533118	1.84E-25	0.015150842	1
FBgn0038448	6.48E-37	0.747670522	4.84E-156	0.008280795	NA	0.000271242	4.37E-20	NA	1
FBgn0038449	2.41E-29	0.677765919	4.30E-129	3.18E-12	4.14E-17	NA	5.17E-14	0.000105503	9
FBgn0038450	3.10E-29	0.676450886	7.91E-153	2.57E-16	6.81E-27	2.37E-08	1.11E-22	NA	11
FBgn0038465	2.89E-42	0.783537246	3.17E-177	NA	NA	1.74E-14	1.50E-21	NA	5
FBgn0038466	5.07E-28	0.66127749	2.58E-171	0.002698307	NA	1.11E-12	2.99E-05	2.26E-08	8
FBgn0038467	5.57E-53	0.873322562	1.10E-128	9.39E-06	0.001502543	4.14E-05	3.88E-10	0.024288014	5
FBgn0038470	1.64E-27	0.627227828	9.14E-73	NA	1.02E-13	1.62E-06	NA	NA	4
FBgn0038486	1.84E-44	0.809469372	3.32E-175	1.74E-06	NA	0.000119799	4.93E-26	NA	1
FBgn0038488	4.61E-42	0.800375615	2.30E-172	2.32E-05	0.048376408	0.011282789	0.00431077	NA	1
FBgn0038516	6.40E-26	0.604721003	1.60E-158	2.79E-24	NA	NA	NA	9.55E-19	6
FBgn0038524	2.34E-31	0.689620299	5.17E-159	NA	1.65E-14	0.000123911	3.15E-08	NA	4
FBgn0038533	4.48E-37	0.759188399	3.06E-161	1.25E-05	3.56E-17	2.80E-06	NA	0.000625768	6
FBgn0038535	1.01E-23	0.601550886	3.61E-212	0.000364338	4.63E-09	0.000375159	NA	0.013820375	8
FBgn0038539	3.18E-43	0.808901094	1.69E-161	2.69E-08	NA	4.45E-06	8.86E-26	0.000692318	1
FBgn0038558	1.08E-34	0.713877401	2.10E-155	NA	NA	NA	1.45E-20	0.001626818	1
FBgn0038565	3.85E-30	0.675227197	5.15E-153	0.007095413	NA	0.022282659	2.93E-17	NA	1
FBgn0038567	1.80E-40	0.788073618	2.02E-162	8.82E-05	NA	0.001026422	8.55E-24	0.037175126	1
FBgn0038570	1.13E-56	0.884666997	4.17E-181	8.74E-07	1.17E-32	NA	4.29E-18	0.000611697	7
FBgn0038575	8.58E-40	0.782593124	1.93E-174	2.14E-05	NA	0.000374425	4.97E-25	0.006641506	1
FBgn0038598	7.65E-46	0.819008314	1.30E-195	2.77E-05	NA	0.00039773	4.37E-28	NA	1
FBgn0038607	2.99E-51	0.85198566	1.35E-188	0.002352354	NA	8.67E-05	1.25E-32	NA	1
FBgn0038630	4.13E-47	0.834866145	5.85E-185	0.000167737	NA	0.002644267	2.26E-31	0.033667244	1
FBgn0038631	6.96E-40	0.791824241	3.44E-92	6.68E-06	3.16E-05	0.018626537	0.038743864	0.031372671	8
FBgn0038651	3.75E-26	0.608092639	1.97E-198	NA	3.57E-09	NA	NA	9.38E-08	8
FBgn0038655	2.54E-41	0.785852731	3.62E-175	0.000292443	NA	0.011468153	6.05E-26	NA	1
FBgn0038658	1.04E-52	0.872005001	1.21E-166	9.18E-07	2.34E-08	7.52E-05	0.03085274	0.006726807	8
FBgn0038660	5.26E-28	0.648306093	9.28E-49	NA	8.14E-16	1.56E-05	NA	0.004417356	8
FBgn0038680	1.23E-31	0.704451259	7.94E-152	0.000185202	9.67E-14	0.001919512	NA	0.00018032	6
FBgn0038681	3.48E-27	0.637376265	8.23E-161	1.36E-08	1.07E-10	NA	NA	0.04684275	5
FBgn0038685	3.05E-33	0.710677231	5.09E-148	0.000489082	NA	0.011795109	4.35E-19	NA	1
FBgn0038686	4.41E-45	0.813812626	1.32E-190	4.53E-06	7.95E-26	0.000765875	NA	NA	1
FBgn0038694	4.79E-42	0.800254085	2.54E-173	0.007830967	NA	0.002080537	8.83E-27	0.029982721	1
FBgn0038697	2.23E-45	0.815853029	2.43E-182	8.53E-06	NA	9.91E-05	6.45E-27	NA	1
FBgn0038701	2.32E-34	0.733284365	2.85E-167	4.39E-13	NA	0.000783734	0.010226355	2.10E-05	12
FBgn0038706	1.84E-42	0.794733449	3.49E-185	0.004664464	NA	0.011941899	3.51E-27	NA	1
FBgn0038708	9.27E-42	0.789306357	1.35E-176	0.016265562	NA	0.002724954	1.10E-25	NA	1
FBgn0038709	7.78E-41	0.790953915	8.43E-165	1.68E-05	NA	0.00088581	8.47E-24	0.037630088	1
FBgn0038717	8.34E-28	0.658503144	1.34E-129	NA	1.90E-15	1.73E-15	3.09E-15	3.43E-08	9
FBgn0038718	6.06E-37	0.747942444	1.51E-129	NA	5.34E-07	2.22E-17	4.34E-12	NA	1
FBgn0038722	5.14E-26	0.621211144	9.88E-175	0.002246218	NA	0.006112577	3.67E-13	NA	1
FBgn0038733	1.36E-28	0.66852449	1.26E-159	3.05E-12	0.010283527	0.004632293	0.001819199	NA	9
FBgn0038739	1.50E-26	0.628698242	4.89E-176	0.014075087	NA	0.014740645	2.91E-14	NA	1
FBgn0038745	5.14E-31	0.697454574	2.95E-209	8.92E-06	NA	1.44E-07	1.05E-18	3.01E-06	1
FBgn0038752	1.15E-43	0.8120431	1.85E-153	3.54E-10	1.38E-09	0.000390396	0.000637309	NA	10
FBgn0038762	1.35E-48	0.836626832	1.30E-213	0.001183587	NA	0.001419104	1.71E-31	NA	1
FBgn0038771	1.75E-25	0.613625793	2.68E-196	0.000380605	NA	0.012393327	5.49E-13	NA	1
FBgn0038775	1.07E-33	0.726523582	3.29E-142	1.87E-09	NA	0.001947467	5.44E-18	0.029274702	1
FBgn0038790	1.33E-33	0.725567212	1.34E-123	6.25E-25	1.88E-18	NA	2.94E-14	0.035989073	12
FBgn0038797	4.92E-45	0.804533386	2.13E-196	NA	NA	0.011628181	1.68E-35	NA	1
FBgn0038816	8.83E-28	0.630904146	1.02E-178	NA	NA	4.33E-18	0.001311483	NA	8
FBgn0038826	5.89E-40	0.764320026	6.01E-238	NA	1.82E-30	0.037212437	NA	NA	1
FBgn0038834	1.26E-43	0.803437575	2.52E-216	0.000381652	3.00E-26	0.009085804	NA	NA	6
FBgn0038854	1.38E-38	0.762887525	1.03E-153	0.03457289	3.71E-23	NA	NA	0.005522663	6
FBgn0038865	2.53E-38	0.770235518	3.70E-140	NA	2.99E-10	5.07E-08	0.000251694	0.000568974	4
FBgn0038869	6.21E-29	0.672737802	4.90E-106	0.000514371	6.01E-18	3.67E-06	NA	1.79E-06	4
FBgn0038878	1.46E-32	0.714579302	3.13E-175	7.65E-16	6.46E-06	NA	7.20E-08	0.000312666	9
FBgn0038887	1.51E-28	0.641207943	1.08E-174	NA	NA	0.007451594	8.96E-20	NA	1
FBgn0038892	5.42E-39	0.755799836	1.21E-183	NA	NA	6.55E-05	3.76E-27	NA	1
FBgn0038893	8.03E-49	0.829989999	3.62E-114	NA	1.00E-25	9.68E-17	NA	NA	8
FBgn0038909	3.29E-42	0.783091028	1.17E-190	NA	NA	0.002643878	5.13E-32	NA	1
FBgn0038912	8.93E-28	0.658122541	1.37E-172	NA	4.35E-07	0.029227429	0.01339658	0.005266479	8
FBgn0038921	1.30E-41	0.788148032	4.28E-179	0.001655317	NA	0.001299365	4.60E-25	NA	1
FBgn0038925	1.24E-64	0.910007691	1.47E-191	NA	8.42E-40	7.47E-05	4.32E-24	NA	7
FBgn0038930	1.53E-28	0.655271983	1.07E-158	0.015257815	NA	0.016068932	7.69E-16	NA	6
FBgn0038944	9.92E-29	0.657684109	5.42E-144	0.000795981	NA	0.00048136	1.10E-13	NA	1
FBgn0038946	1.16E-34	0.736295335	2.35E-132	6.33E-05	7.37E-16	0.015892038	3.33E-10	NA	10
FBgn0038952	2.10E-43	0.810192709	7.18E-180	2.73E-05	NA	0.001543367	3.90E-27	0.034205159	1
FBgn0038953	2.63E-29	0.651074956	6.01E-183	NA	2.01E-15	1.99E-06	NA	NA	4
FBgn0038960	1.59E-40	0.779391313	2.21E-166	0.000162263	NA	0.008817685	4.98E-25	NA	1
FBgn0038968	1.03E-28	0.670027579	2.13E-119	0.000200963	6.00E-15	1.67E-06	NA	1.12E-05	8
FBgn0038979	1.31E-32	0.703784129	6.93E-137	0.017819164	NA	0.001448863	1.74E-17	NA	1
FBgn0038986	1.74E-40	0.7790888	4.48E-144	5.66E-12	NA	6.42E-16	7.82E-11	NA	2
FBgn0038993	7.63E-42	0.798731394	3.22E-165	9.96E-07	NA	0.000602012	4.25E-25	0.02170748	1
FBgn0039010	3.72E-51	0.8581385	5.08E-184	1.46E-05	NA	0.000154724	3.77E-33	0.011802474	1
FBgn0039020	1.37E-29	0.668483155	2.70E-168	1.97E-05	NA	0.000282303	8.81E-14	NA	1
FBgn0039022	5.61E-40	0.784096893	3.22E-131	0.003070049	5.06E-18	4.86E-06	NA	1.57E-05	8
FBgn0039024	2.43E-29	0.689030622	3.91E-147	0.049935449	5.30E-05	0.011518655	0.047765014	0.047143467	4
FBgn0039041	1.43E-30	0.680378798	4.18E-136	0.002607821	NA	0.013543311	3.52E-17	NA	1
FBgn0039043	1.48E-29	0.654283331	1.65E-171	NA	2.76E-18	0.000391646	NA	NA	5
FBgn0039052	1.06E-23	0.601237696	1.88E-136	0.00348293	0.000116575	1.76E-07	0.010168644	NA	7
FBgn0039070	1.00E-45	0.826049644	2.71E-184	0.00280615	NA	0.002836785	1.63E-29	0.048694666	1
FBgn0039071	8.88E-43	0.797146705	6.62E-183	0.002927719	NA	0.001494703	3.29E-26	NA	1
FBgn0039075	9.78E-43	0.796829768	2.40E-152	NA	4.35E-12	0.028610862	0.008494858	NA	8
FBgn0039083	4.06E-47	0.834910276	1.43E-177	4.67E-08	NA	2.29E-06	8.72E-29	0.000639109	1
FBgn0039088	1.22E-48	0.844079284	5.30E-181	8.45E-07	NA	3.11E-05	2.40E-30	0.004505517	1
FBgn0039102	1.50E-31	0.691860023	3.65E-177	4.85E-10	2.81E-10	6.69E-07	NA	NA	6
FBgn0039104	1.64E-40	0.77928769	1.98E-190	0.004447516	NA	0.008642519	2.96E-25	NA	1
FBgn0039109	6.89E-31	0.684152316	1.99E-207	0.001277467	NA	0.000752508	1.20E-15	NA	1
FBgn0039113	9.36E-34	0.716154217	5.15E-188	NA	NA	8.53E-05	4.92E-20	0.016764166	6
FBgn0039120	3.39E-57	0.881343981	5.23E-198	NA	2.40E-40	4.70E-06	NA	0.01911383	8
FBgn0039132	1.50E-25	0.61459198	7.07E-193	NA	5.45E-14	0.000565509	NA	0.04594535	5
FBgn0039135	3.08E-32	0.7110797	9.14E-160	0.011139543	8.58E-17	NA	7.66E-09	0.04439646	4
FBgn0039147	6.09E-44	0.813991984	2.41E-140	3.17E-07	0.021322442	NA	0.005362978	0.019607994	1
FBgn0039160	1.67E-27	0.641672934	2.45E-176	NA	2.91E-20	NA	6.78E-12	0.042950992	11
FBgn0039177	8.03E-42	0.789797379	2.01E-158	0.000389905	NA	0.001734999	2.45E-25	NA	1
FBgn0039182	2.57E-34	0.742746881	1.62E-109	0.025024505	6.11E-08	0.003880199	0.004355903	0.003679907	4
FBgn0039186	1.20E-32	0.704206117	1.04E-171	NA	2.10E-14	0.028639677	7.78E-07	NA	4
FBgn0039190	1.85E-44	0.809451115	2.85E-188	0.00035126	NA	0.000200219	1.35E-26	NA	1
FBgn0039208	7.70E-37	0.75704906	1.93E-166	9.69E-12	0.000248035	7.87E-16	4.10E-08	NA	5
FBgn0039209	1.88E-29	0.652956711	4.07E-201	NA	NA	2.21E-06	2.01E-16	NA	8
FBgn0039227	1.13E-26	0.643589543	1.31E-162	0.034121187	5.76E-11	0.00039589	NA	0.012134051	8
FBgn0039228	1.62E-36	0.743899679	8.53E-150	0.000982576	NA	0.01802215	3.65E-22	NA	1
FBgn0039235	3.59E-36	0.740588021	2.97E-152	5.75E-06	NA	0.006243942	1.18E-20	NA	1
FBgn0039246	8.78E-44	0.804589484	5.66E-176	0.005498915	NA	0.005976261	6.07E-28	NA	1
FBgn0039251	2.61E-43	0.809517538	1.48E-177	0.004640502	NA	0.000523005	4.22E-28	0.00915511	1
FBgn0039290	3.91E-30	0.687230386	6.41E-113	0.013686514	0.014760349	1.88E-05	6.79E-06	NA	5
FBgn0039293	5.87E-29	0.673040236	4.68E-126	6.65E-05	4.53E-16	0.044719406	1.36E-10	NA	4
FBgn0039298	2.81E-30	0.688918717	1.26E-148	0.01823576	2.51E-26	NA	2.28E-16	1.04E-11	11
FBgn0039302	4.55E-47	0.81864412	1.59E-210	NA	5.43E-32	2.58E-07	NA	NA	8
FBgn0039310	1.73E-46	0.837985493	6.63E-143	5.18E-20	1.01E-05	2.33E-05	0.043309098	0.000791476	4
FBgn0039312	1.38E-36	0.754724835	2.62E-142	0.001107807	1.72E-06	2.10E-09	7.48E-13	NA	1
FBgn0039313	3.09E-31	0.699961808	2.95E-125	5.94E-05	7.19E-09	6.54E-07	7.52E-15	NA	1
FBgn0039316	4.46E-38	0.777026253	1.62E-107	0.005048336	2.69E-17	0.000595231	1.43E-11	0.000931921	9
FBgn0039319	6.40E-33	0.72869731	7.03E-71	0.00106238	2.93E-10	0.001289575	3.20E-06	0.002272176	9
FBgn0039321	5.05E-27	0.648275328	2.08E-168	NA	3.24E-06	3.31E-11	0.002177489	3.81E-07	10
FBgn0039324	2.17E-31	0.689998074	2.62E-157	9.36E-15	9.68E-05	0.016467317	NA	NA	9
FBgn0039325	1.66E-37	0.74205907	8.84E-163	3.48E-20	NA	8.75E-07	NA	NA	9
FBgn0039331	4.16E-41	0.784135077	4.02E-165	3.42E-08	NA	0.000649121	2.79E-23	NA	1
FBgn0039343	1.55E-41	0.787543393	2.02E-166	0.018794763	NA	0.007825141	3.79E-26	NA	1
FBgn0039347	4.45E-46	0.820582554	2.14E-160	NA	0.013451618	NA	0.008859822	8.24E-05	1
FBgn0039358	9.86E-50	0.843388788	3.35E-157	NA	7.35E-38	0.004054613	1.02E-28	NA	7
FBgn0039359	1.58E-46	0.831212552	2.96E-207	6.41E-08	1.09E-11	NA	0.045032026	0.008356851	6
FBgn0039360	6.00E-50	0.851555997	3.15E-182	2.02E-06	2.22E-32	5.24E-06	NA	7.70E-05	1
FBgn0039366	8.64E-30	0.670950315	3.08E-138	NA	NA	0.000168705	2.11E-18	0.01109639	1
FBgn0039371	3.32E-36	0.729393969	1.23E-163	NA	NA	0.002743184	2.82E-26	NA	1
FBgn0039373	1.78E-41	0.787069559	1.30E-165	0.002840748	NA	0.005176476	9.09E-26	NA	1
FBgn0039376	9.61E-30	0.670381745	5.83E-127	0.006063865	NA	0.034841511	3.03E-17	NA	1
FBgn0039379	1.02E-42	0.805238671	6.37E-167	0.005596784	0.018457763	0.037719733	0.006172414	NA	1
FBgn0039395	9.82E-45	0.819447477	1.50E-169	0.0021613	NA	0.000571628	1.34E-26	0.037913422	1
FBgn0039398	2.62E-48	0.842123414	1.47E-192	7.28E-06	NA	0.000125738	2.97E-31	0.006402688	1
FBgn0039413	6.63E-39	0.765687728	2.90E-150	5.05E-06	NA	7.69E-05	7.69E-21	NA	1
FBgn0039421	1.80E-38	0.761869203	2.74E-159	0.001391368	NA	0.004326855	5.48E-23	NA	1
FBgn0039425	2.00E-45	0.816170796	5.16E-182	0.00021466	NA	0.000440492	7.28E-28	NA	1
FBgn0039449	2.00E-24	0.611979657	5.67E-127	0.007341942	NA	0.007162467	9.50E-16	0.017484256	1
FBgn0039452	1.65E-31	0.691380596	7.20E-130	NA	NA	3.79E-10	1.74E-18	1.81E-06	5
FBgn0039463	1.99E-33	0.733897483	1.31E-120	0.000640038	0.03868764	0.005915462	3.37E-06	0.031863594	1
FBgn0039466	2.85E-28	0.637518335	1.81E-197	NA	3.56E-17	0.000417631	NA	NA	8
FBgn0039471	2.68E-27	0.651912267	6.90E-113	6.70E-12	1.29E-08	0.04524408	1.60E-13	NA	12
FBgn0039483	7.31E-32	0.706962037	3.46E-144	NA	1.08E-06	2.17E-07	0.008925241	0.001040359	10
FBgn0039491	2.06E-48	0.842747791	4.51E-184	4.28E-06	NA	0.000771976	2.47E-31	0.023909943	1
FBgn0039501	2.79E-46	0.821935742	4.98E-187	0.000983436	NA	0.005103309	4.90E-30	NA	1
FBgn0039511	1.61E-43	0.802661247	3.29E-188	0.001061142	NA	0.001177054	1.05E-26	NA	1
FBgn0039518	4.71E-46	0.828175408	6.03E-188	5.35E-05	NA	0.000107241	1.75E-29	0.004887777	1
FBgn0039536	3.35E-33	0.721374761	7.63E-160	3.85E-07	2.74E-27	0.013027362	5.23E-20	NA	7
FBgn0039544	1.18E-33	0.715093768	5.66E-143	NA	1.88E-13	8.92E-06	6.80E-07	NA	4
FBgn0039552	4.21E-26	0.622428278	3.78E-110	7.44E-05	NA	0.000488021	1.56E-11	NA	1
FBgn0039553	2.67E-48	0.84207564	7.22E-188	0.0002845	NA	0.000145637	4.19E-31	0.007987652	1
FBgn0039561	1.05E-31	0.705216043	9.55E-214	0.009886555	1.64E-17	NA	5.18E-12	1.32E-05	10
FBgn0039576	6.71E-30	0.672291498	7.27E-135	0.004264397	NA	0.000306191	2.15E-14	NA	1
FBgn0039620	4.19E-46	0.828503973	6.66E-177	0.000137469	0.000206441	6.33E-08	0.000304184	NA	6
FBgn0039628	2.26E-42	0.794065046	1.72E-143	NA	7.98E-11	1.22E-11	0.000731084	NA	8
FBgn0039629	9.78E-40	0.772826548	7.55E-141	NA	3.23E-20	6.41E-12	NA	5.14E-06	4
FBgn0039651	2.66E-37	0.751275188	1.24E-161	0.001129455	NA	0.001707466	2.01E-21	NA	1
FBgn0039656	1.26E-30	0.681065223	1.16E-105	1.40E-06	2.65E-13	NA	NA	0.008946628	8
FBgn0039668	3.55E-28	0.650541261	1.37E-210	0.00056774	NA	0.006463327	1.07E-14	NA	1
FBgn0039678	1.75E-32	0.71374387	4.89E-135	0.000646989	0.003890398	0.000129669	4.44E-09	NA	1
FBgn0039691	3.21E-43	0.808871464	4.14E-150	0.000274312	6.76E-16	0.000229368	7.32E-07	NA	4
FBgn0039703	1.23E-36	0.755167965	5.74E-68	NA	0.004269447	1.01E-06	2.53E-09	0.000218686	1
FBgn0039707	1.79E-40	0.778986058	9.10E-164	0.006630004	NA	0.002978123	1.38E-24	NA	1
FBgn0039738	3.76E-32	0.710133812	4.81E-179	NA	2.29E-29	1.09E-05	5.93E-22	0.001520226	3
FBgn0039752	8.88E-46	0.826389945	1.68E-179	3.47E-05	NA	8.69E-05	3.92E-31	0.001195026	1
FBgn0039755	1.12E-28	0.669567697	7.38E-148	2.79E-21	1.05E-23	3.65E-13	1.43E-18	NA	11
FBgn0039756	8.83E-47	0.832806539	2.37E-196	4.30E-12	NA	3.69E-16	2.40E-22	1.63E-10	8
FBgn0039757	7.49E-40	0.773807076	1.67E-214	5.07E-05	3.93E-23	0.015747055	NA	NA	6
FBgn0039759	2.03E-26	0.640161315	2.42E-48	NA	0.021343485	9.03E-07	3.02E-05	0.001664692	5
FBgn0039761	3.14E-48	0.841658105	3.45E-166	4.32E-14	NA	0.002796336	1.03E-20	0.000301633	1
FBgn0039769	4.38E-30	0.697731952	2.11E-84	0.000139987	8.27E-08	0.002749193	3.16E-05	0.003940293	9
FBgn0039776	6.64E-27	0.633564302	2.79E-177	NA	NA	6.76E-13	3.06E-13	1.76E-08	5
FBgn0039779	2.92E-62	0.906479708	8.71E-149	8.26E-25	4.67E-26	0.000955746	NA	4.97E-05	12
FBgn0039792	9.24E-46	0.818454916	4.94E-186	1.91E-05	NA	0.006269242	2.25E-29	NA	1
FBgn0039796	2.31E-38	0.760910971	8.43E-164	0.000293189	NA	0.001673993	3.04E-22	NA	1
FBgn0039797	7.98E-52	0.855110511	1.53E-192	0.000126587	NA	4.54E-05	7.68E-33	NA	1
FBgn0039799	8.89E-31	0.69472664	6.20E-146	0.046440238	NA	0.006065637	2.69E-18	0.044921793	1
FBgn0039812	1.77E-41	0.787090384	3.66E-161	0.001651651	NA	0.006133161	7.67E-26	NA	1
FBgn0039817	1.84E-32	0.689372011	1.30E-156	NA	9.67E-19	4.69E-06	NA	NA	5
FBgn0039818	2.03E-25	0.626307221	3.73E-87	0.042143947	NA	8.89E-07	3.15E-09	0.00022689	8
FBgn0039850	2.56E-28	0.652398449	2.89E-108	0.000881218	5.20E-15	0.049763268	NA	NA	1
FBgn0039855	1.65E-35	0.734107698	4.65E-152	0.000272521	NA	0.009823141	8.30E-21	NA	1
FBgn0039857	1.61E-36	0.743926543	8.30E-217	0.000356151	8.88E-22	NA	NA	0.014995641	6
FBgn0039868	2.96E-26	0.637924375	1.53E-97	NA	3.17E-10	0.004553416	0.000282797	0.009855083	4
FBgn0039881	6.86E-46	0.81932581	6.87E-178	2.37E-05	NA	0.000755487	1.96E-28	NA	1
FBgn0039887	6.79E-32	0.695775009	3.73E-140	5.52E-05	NA	0.029453123	3.00E-18	NA	1
FBgn0039914	2.45E-31	0.68939769	7.45E-127	NA	1.65E-26	0.012758372	4.53E-19	NA	7
FBgn0039927	4.56E-44	0.806648758	1.85E-172	NA	4.60E-34	0.013080742	4.48E-26	NA	7
FBgn0039929	7.31E-32	0.706963038	1.18E-166	1.46E-05	7.31E-20	8.71E-07	NA	4.05E-07	4
FBgn0039970	7.04E-27	0.658367713	5.93E-169	0.014037312	2.29E-10	0.007263277	2.94E-05	0.008749119	4
FBgn0040022	5.67E-35	0.739364047	1.16E-176	0.012868384	4.97E-21	0.000567316	NA	0.002514995	8
FBgn0040068	2.58E-32	0.711917711	1.14E-193	0.026397968	NA	0.00175392	4.31E-19	0.02017589	6
FBgn0040076	3.57E-35	0.730763387	1.54E-145	9.49E-07	NA	0.000144036	1.01E-17	NA	1
FBgn0040080	2.28E-31	0.676619822	6.18E-190	NA	3.35E-17	1.55E-06	NA	NA	8
FBgn0040092	3.67E-33	0.720967325	2.23E-142	1.05E-05	1.28E-30	NA	2.58E-22	0.01205212	11
FBgn0040093	4.47E-34	0.730413479	1.38E-153	9.55E-07	3.80E-31	NA	6.57E-22	0.000151831	11
FBgn0040098	4.70E-33	0.70864144	3.75E-133	NA	2.28E-09	NA	3.12E-14	1.06E-08	2
FBgn0040153	1.24E-27	0.656281499	2.16E-160	0.010527277	1.52E-10	NA	2.32E-05	4.74E-05	4
FBgn0040206	2.24E-41	0.803293081	5.40E-140	0.048044755	1.38E-07	0.001686454	0.028992608	0.000616612	4
FBgn0040211	3.44E-58	0.896000202	2.38E-121	0.0002629	3.27E-12	5.09E-06	0.000651321	0.000762282	8
FBgn0040227	5.39E-36	0.749202115	2.46E-196	3.15E-08	2.13E-12	3.16E-05	2.86E-06	NA	4
FBgn0040236	5.66E-62	0.90546362	5.59E-206	0.000212323	NA	8.53E-11	3.37E-37	1.47E-05	8
FBgn0040237	4.85E-36	0.739318747	6.64E-187	0.040967047	2.13E-18	NA	NA	7.03E-05	1
FBgn0040256	7.12E-58	0.884296166	1.32E-161	3.39E-32	NA	0.003187948	NA	0.002531481	9
FBgn0040259	7.51E-61	0.896416904	2.75E-164	1.50E-33	3.30E-24	0.00121537	NA	NA	9
FBgn0040260	6.49E-25	0.619089614	1.71E-153	6.24E-06	3.37E-07	0.010554161	1.24E-12	NA	6
FBgn0040273	4.13E-35	0.73012435	3.46E-190	NA	8.70E-13	0.023132814	7.42E-05	NA	8
FBgn0040283	1.48E-26	0.628786807	4.68E-178	NA	2.36E-11	NA	2.69E-05	0.02129725	4
FBgn0040285	1.78E-31	0.702665796	4.29E-190	0.041605682	NA	8.20E-06	3.03E-16	0.000547853	5
FBgn0040291	8.88E-35	0.737442238	3.54E-142	0.00028703	NA	0.00051643	4.01E-22	0.004293622	1
FBgn0040308	2.26E-28	0.653098059	1.31E-177	0.004651432	NA	0.013413727	1.67E-15	NA	1
FBgn0040322	4.55E-33	0.708800796	3.90E-163	NA	1.73E-12	NA	2.58E-05	0.000604523	8
FBgn0040323	9.56E-31	0.682473621	8.13E-134	0.024059853	2.68E-12	2.78E-05	NA	NA	5
FBgn0040333	1.01E-29	0.656410064	5.22E-155	NA	NA	0.012701584	3.72E-21	NA	1
FBgn0040342	6.37E-44	0.805600462	2.22E-146	4.16E-14	NA	4.07E-08	0.000386579	NA	10
FBgn0040343	2.20E-29	0.665922829	9.26E-82	0.020446316	3.61E-13	0.000636922	NA	NA	1
FBgn0040362	2.39E-26	0.610902186	1.13E-151	NA	NA	NA	2.03E-15	0.02314673	1
FBgn0040368	2.63E-40	0.767335711	2.10E-183	NA	NA	0.000199776	6.05E-29	NA	1
FBgn0040371	3.64E-46	0.812511344	8.01E-203	NA	NA	0.02741379	4.75E-37	NA	1
FBgn0040382	1.18E-48	0.850755352	2.07E-183	0.041364295	3.73E-09	0.005769879	0.036207272	0.011553542	8
FBgn0040384	3.52E-31	0.687566431	1.80E-213	0.013873934	NA	0.001761952	1.86E-16	NA	1
FBgn0040391	8.67E-38	0.744724931	2.11E-176	NA	NA	0.0085209	2.18E-28	NA	1
FBgn0040475	2.08E-41	0.786543127	2.74E-175	NA	3.30E-13	0.000117509	0.000217519	NA	6
FBgn0040506	5.79E-25	0.619810053	4.99E-117	0.005541781	NA	0.000219682	1.58E-12	0.00592739	1
FBgn0040508	1.10E-40	0.789761838	3.00E-178	0.002388495	NA	0.00122643	8.72E-25	0.029589162	1
FBgn0040519	1.21E-39	0.772038517	9.49E-184	0.00088547	NA	0.001834803	1.74E-23	NA	1
FBgn0040551	3.36E-35	0.741575496	1.14E-139	0.001273584	NA	1.00E-07	2.47E-16	9.70E-05	5
FBgn0040582	9.17E-57	0.885061258	5.81E-127	7.34E-05	NA	1.87E-14	7.73E-34	1.01E-09	5
FBgn0040600	2.21E-41	0.786321864	5.93E-195	NA	6.48E-31	4.35E-06	NA	0.000210993	8
FBgn0040648	7.22E-28	0.632091583	7.51E-144	NA	NA	9.83E-05	8.31E-17	NA	1
FBgn0040653	1.12E-47	0.838350244	8.42E-144	0.046276919	NA	1.12E-07	1.16E-22	0.001179361	5
FBgn0040679	2.50E-27	0.652296385	1.29E-135	0.001289871	NA	0.001089499	4.88E-13	0.039021856	1
FBgn0040694	7.38E-30	0.671790762	3.93E-143	0.014984876	NA	0.005361366	3.99E-16	NA	1
FBgn0040696	1.96E-41	0.7867486	1.94E-162	0.003895386	2.15E-25	0.033600556	NA	NA	1
FBgn0040697	7.99E-32	0.717123417	1.67E-103	0.002333566	1.51E-19	0.00086426	1.25E-13	0.000972623	7
FBgn0040705	8.45E-76	0.940568751	1.48E-121	NA	1.06E-42	1.36E-05	1.24E-21	NA	7
FBgn0040718	1.87E-35	0.744053948	4.80E-83	0.033501652	6.97E-10	0.016958221	0.00411539	NA	1
FBgn0040733	2.66E-28	0.652163004	1.11E-125	2.91E-06	3.46E-14	NA	NA	0.008782248	6
FBgn0040734	1.03E-38	0.753266743	3.84E-106	NA	1.29E-24	3.50E-06	NA	NA	5
FBgn0040735	5.70E-41	0.783032071	3.85E-105	2.75E-19	NA	4.27E-10	4.98E-14	NA	6
FBgn0040736	1.94E-31	0.712931396	3.18E-83	0.00271645	0.000625528	0.000191907	4.09E-07	0.014815078	5
FBgn0040747	1.44E-35	0.734692148	1.17E-163	0.002522184	NA	0.005618935	1.04E-20	NA	1
FBgn0040759	1.05E-34	0.736714578	5.05E-103	7.09E-10	0.000436453	1.18E-10	7.65E-09	NA	5
FBgn0040763	1.09E-37	0.75485223	2.20E-160	1.65E-05	NA	0.002530393	1.28E-21	NA	1
FBgn0040773	7.81E-54	0.865542744	3.53E-161	NA	8.43E-42	NA	6.17E-30	0.025298311	7
FBgn0040793	1.58E-69	0.924975064	1.20E-168	NA	2.93E-50	0.001671141	1.10E-35	NA	7
FBgn0040816	6.93E-37	0.736093255	3.21E-159	NA	NA	1.14E-05	2.67E-24	NA	1
FBgn0040904	1.20E-26	0.615191064	2.54E-150	NA	NA	0.005922604	6.06E-18	NA	1
FBgn0040906	1.09E-24	0.615858821	3.49E-114	0.041448442	NA	0.003946026	2.07E-13	0.035568517	1
FBgn0040963	2.66E-36	0.741843554	1.41E-172	0.011552514	NA	0.025749176	2.01E-22	NA	1
FBgn0040968	6.95E-52	0.855434625	3.38E-177	4.73E-15	2.65E-31	NA	NA	0.000151876	6
FBgn0040985	3.20E-46	0.821539518	4.80E-200	6.58E-08	NA	2.76E-08	6.35E-24	NA	6
FBgn0040989	3.80E-36	0.74034473	1.46E-131	0.000454542	4.20E-19	0.002351276	NA	NA	1
FBgn0040996	1.44E-38	0.762728873	2.43E-160	5.54E-05	NA	0.004073295	9.07E-23	NA	1
FBgn0041100	1.49E-26	0.628749084	6.19E-177	5.93E-05	NA	0.004372517	5.81E-13	NA	1
FBgn0041102	3.07E-40	0.777040913	1.88E-191	0.000675462	NA	0.000844337	1.45E-23	NA	1
FBgn0041161	7.19E-27	0.618314501	3.60E-157	4.94E-26	NA	6.01E-06	NA	NA	12
FBgn0041171	2.34E-31	0.689614545	6.53E-204	0.002444352	4.15E-16	0.007034656	NA	NA	1
FBgn0041180	6.87E-33	0.706847451	3.17E-184	0.000107993	NA	2.36E-09	7.30E-11	NA	5
FBgn0041184	3.25E-36	0.751269627	9.52E-123	NA	0.017516037	5.90E-12	1.28E-06	1.47E-06	5
FBgn0041194	1.67E-24	0.613139931	2.05E-171	2.82E-08	NA	0.001735278	1.27E-10	0.036633728	5
FBgn0041195	1.05E-36	0.73435112	1.44E-185	NA	NA	0.006350356	3.33E-27	NA	1
FBgn0041203	1.26E-33	0.725798842	3.38E-199	0.000974095	NA	0.002921549	1.32E-22	0.008379236	1
FBgn0041210	1.11E-28	0.657068006	1.63E-191	NA	1.87E-05	3.85E-08	1.75E-10	NA	8
FBgn0041579	1.23E-31	0.692829832	3.64E-13	NA	NA	4.25E-14	3.01E-14	2.32E-08	5
FBgn0041581	2.23E-35	0.752928621	1.96E-06	0.003033528	0.02399988	5.06E-09	1.55E-05	6.44E-07	5
FBgn0041627	1.20E-57	0.883322703	8.53E-125	NA	2.16E-39	7.62E-08	NA	0.004229577	8
FBgn0041780	1.47E-28	0.668081647	1.86E-111	0.00091638	1.11E-26	0.000580278	5.24E-20	NA	11
FBgn0041781	4.21E-33	0.720332726	1.34E-193	7.50E-07	1.57E-16	1.88E-09	NA	3.24E-08	4
FBgn0042094	8.49E-50	0.850715204	1.50E-195	1.73E-10	NA	3.11E-07	4.18E-31	0.000127726	1
FBgn0042102	1.74E-29	0.667210791	2.50E-143	NA	1.46E-14	8.89E-10	NA	1.11E-05	8
FBgn0042119	1.54E-63	0.910857581	1.57E-133	NA	1.23E-16	0.000105942	0.022778366	0.014792771	1
FBgn0042133	2.91E-37	0.750914466	1.07E-160	0.042181451	NA	0.000500233	1.07E-20	NA	1
FBgn0042135	3.57E-39	0.757422708	7.47E-245	NA	3.65E-23	NA	NA	2.42E-05	5
FBgn0042177	1.24E-29	0.669009354	1.46E-155	0.001881462	NA	0.008129893	4.37E-16	NA	1
FBgn0042179	2.60E-39	0.76921426	1.10E-184	0.000333152	NA	0.037467207	6.31E-25	NA	1
FBgn0042189	7.92E-43	0.797519487	6.50E-192	0.000343396	NA	0.000222934	3.75E-25	NA	1
FBgn0042198	1.66E-36	0.743809599	2.43E-148	5.79E-05	NA	0.005939241	3.37E-21	NA	1
FBgn0042627	8.12E-26	0.631870409	1.35E-160	5.53E-07	2.43E-22	NA	3.07E-15	0.016683811	11
FBgn0042710	4.78E-42	0.791554261	2.96E-180	0.027072505	NA	0.007367254	1.44E-26	NA	1
FBgn0042711	3.21E-33	0.710437333	1.19E-145	0.011843315	NA	0.003293795	1.70E-18	NA	1
FBgn0043025	1.81E-42	0.794796204	7.72E-180	0.000728075	NA	0.007602502	8.53E-27	NA	1
FBgn0043456	1.41E-41	0.804791923	3.00E-182	0.036406237	1.38E-07	0.003023883	0.016917041	0.0178439	4
FBgn0043539	2.17E-35	0.74341297	1.56E-125	1.59E-11	3.71E-17	NA	3.58E-19	2.12E-12	2
FBgn0043578	1.17E-48	0.837013343	3.99E-59	NA	NA	8.82E-22	3.32E-23	6.10E-12	5
FBgn0043792	7.23E-47	0.825777072	1.23E-180	1.94E-10	NA	2.30E-17	1.24E-15	NA	2
FBgn0043806	7.81E-50	0.836213138	7.51E-177	NA	1.15E-28	9.52E-15	NA	NA	8
FBgn0043841	4.78E-43	0.799165741	1.03E-168	NA	4.08E-17	5.24E-07	6.73E-08	NA	8
FBgn0043903	6.23E-27	0.633941248	3.86E-190	NA	1.51E-13	5.15E-10	NA	2.44E-06	8
FBgn0044011	1.51E-30	0.680120784	2.44E-102	NA	2.68E-07	9.44E-05	0.02165707	NA	8
FBgn0044047	5.96E-27	0.634198435	7.70E-147	NA	NA	0.000599772	1.05E-14	0.04708132	5
FBgn0045073	3.28E-25	0.623330896	3.83E-217	0.046223295	5.49E-12	0.000223973	NA	0.002095226	8
FBgn0045770	6.28E-48	0.832519746	5.03E-205	0.000153377	NA	0.002035089	5.90E-31	NA	1
FBgn0045823	6.48E-37	0.73637594	1.67E-243	NA	NA	2.02E-13	1.01E-16	NA	5
FBgn0045827	3.95E-38	0.758831189	1.38E-177	0.000940838	NA	0.003112822	1.79E-22	NA	1
FBgn0045842	4.09E-31	0.698587118	1.73E-200	0.005666691	NA	0.00252652	3.02E-20	0.009681586	1
FBgn0045843	2.30E-30	0.664426187	1.61E-141	NA	NA	NA	1.25E-18	0.022378457	1
FBgn0046225	2.09E-46	0.822766089	5.05E-186	0.021333774	NA	0.000527957	5.94E-29	NA	1
FBgn0046294	2.55E-43	0.801196151	6.43E-199	0.005380479	NA	0.000639927	3.10E-26	NA	1
FBgn0046332	1.36E-47	0.837839533	6.60E-184	1.11E-05	NA	0.001240287	9.69E-31	0.031512008	1
FBgn0046685	2.19E-37	0.740920524	2.76E-172	NA	NA	5.19E-07	1.91E-23	NA	5
FBgn0046793	7.05E-40	0.774027091	1.48E-164	0.001314358	NA	0.005621099	2.29E-24	NA	1
FBgn0046873	1.35E-39	0.771639499	1.33E-162	4.69E-05	NA	0.0012347	5.12E-23	NA	1
FBgn0047338	5.08E-34	0.718945391	8.71E-154	0.002722513	NA	0.002931376	5.03E-19	NA	1
FBgn0047351	5.03E-37	0.748700538	1.40E-181	0.000471898	NA	0.002197409	2.83E-21	NA	1
FBgn0050008	3.95E-34	0.730949036	8.55E-166	2.52E-26	1.74E-15	NA	1.77E-07	4.74E-06	11
FBgn0050020	3.56E-31	0.699264037	2.06E-166	0.001515898	1.03E-13	0.000444309	NA	0.022543343	8
FBgn0050022	1.57E-53	0.86402339	1.23E-170	NA	0.025200156	0.006568649	1.70E-05	NA	6
FBgn0050026	5.83E-54	0.859315066	1.69E-125	NA	3.57E-35	1.51E-12	NA	NA	8
FBgn0050039	3.21E-43	0.791017008	1.79E-188	NA	NA	0.001164866	1.30E-32	NA	1
FBgn0050042	1.47E-34	0.724536364	6.48E-108	NA	1.05E-16	1.40E-07	1.51E-10	NA	7
FBgn0050049	6.74E-26	0.632990485	2.27E-34	1.08E-17	6.37E-06	0.047150608	0.002732057	NA	12
FBgn0050056	2.71E-28	0.637815675	2.61E-153	NA	NA	NA	3.09E-16	0.008163368	1
FBgn0050058	8.37E-36	0.737007996	6.18E-158	0.032901049	NA	0.002615216	1.69E-20	NA	1
FBgn0050072	7.74E-27	0.632651553	2.10E-120	0.035163753	NA	0.005032095	8.83E-14	NA	1
FBgn0050073	5.14E-29	0.647320416	5.68E-147	NA	NA	0.003036542	1.14E-19	NA	1
FBgn0050075	1.37E-37	0.763815393	4.48E-124	6.47E-05	0.022445144	0.010168455	0.049860027	NA	1
FBgn0050093	2.80E-36	0.741617955	3.43E-150	0.003561028	NA	0.000501309	6.84E-20	NA	1
FBgn0050104	6.04E-25	0.605768524	2.03E-179	NA	2.62E-26	4.27E-06	3.12E-23	NA	11
FBgn0050110	1.09E-29	0.655976015	6.75E-159	NA	NA	0.005256505	1.35E-20	NA	1
FBgn0050115	6.63E-33	0.718248398	1.94E-175	NA	1.92E-06	2.14E-05	0.019170421	0.025191038	4
FBgn0050122	2.29E-32	0.701080084	2.51E-205	NA	5.77E-13	0.009361598	8.47E-06	NA	8
FBgn0050151	1.40E-32	0.690742152	2.23E-143	NA	1.04E-15	4.67E-09	NA	NA	5
FBgn0050156	1.25E-43	0.803469777	5.51E-176	0.004422144	NA	0.000147793	1.02E-25	NA	1
FBgn0050161	6.76E-32	0.695795851	2.13E-128	0.00074989	NA	0.005757841	1.34E-17	NA	1
FBgn0050177	4.47E-39	0.767180168	7.78E-163	0.031122438	NA	0.006584814	6.79E-24	NA	1
FBgn0050268	2.74E-41	0.78558833	1.08E-158	1.81E-05	NA	1.38E-06	3.55E-21	NA	1
FBgn0050269	2.71E-40	0.767236505	5.51E-167	NA	1.65E-28	0.000574574	NA	NA	6
FBgn0050271	2.61E-36	0.741921365	1.78E-163	0.000249435	NA	0.004077755	5.78E-21	NA	1
FBgn0050273	4.69E-29	0.661814287	6.65E-121	0.000605158	3.13E-14	0.006803149	NA	NA	6
FBgn0050275	4.68E-38	0.74723239	1.58E-181	NA	NA	0.023172367	3.24E-29	NA	1
FBgn0050278	9.14E-44	0.80446527	1.61E-174	2.93E-09	NA	0.000714049	1.77E-25	NA	1
FBgn0050284	1.25E-35	0.745711294	4.82E-141	6.06E-05	NA	0.004857704	1.34E-21	0.045741274	1
FBgn0050293	1.70E-42	0.795003487	9.71E-176	0.003975765	NA	0.004930802	1.16E-26	NA	1
FBgn0050324	3.16E-36	0.741113608	8.46E-159	0.003710247	NA	0.000571809	6.36E-20	NA	1
FBgn0050325	7.88E-32	0.706604345	2.17E-138	0.000756365	NA	3.18E-05	3.04E-18	0.000968625	1
FBgn0050334	9.07E-28	0.645191007	6.70E-133	2.66E-06	NA	0.008425	9.76E-14	NA	1
FBgn0050339	5.47E-26	0.634248915	7.81E-124	2.63E-09	0.002175787	0.000311458	0.026723282	NA	9
FBgn0050350	2.88E-39	0.768827855	6.34E-169	0.000914135	NA	0.00490156	1.00E-23	NA	1
FBgn0050354	7.37E-32	0.695371107	7.46E-134	0.000560116	NA	0.00010169	2.70E-15	NA	1
FBgn0050355	4.90E-39	0.766828968	1.69E-164	0.002514834	NA	0.006790928	8.69E-24	NA	1
FBgn0050360	2.24E-30	0.701066858	8.16E-165	0.000204347	9.48E-07	0.000584182	0.000469798	0.014017611	4
FBgn0050362	4.76E-44	0.814738256	1.70E-181	0.000103256	NA	0.001463423	1.33E-28	0.021706194	1
FBgn0050365	3.77E-45	0.814284928	7.12E-190	0.000277731	NA	0.001294422	3.51E-28	NA	1
FBgn0050369	1.25E-30	0.681071054	3.05E-132	0.00035448	NA	0.026755972	1.97E-17	NA	1
FBgn0050384	1.97E-43	0.802029881	8.28E-170	0.006151027	NA	0.044187138	6.31E-29	NA	1
FBgn0050394	3.01E-23	0.607421048	5.25E-134	0.003558022	1.37E-08	0.010669653	0.000351668	0.01832734	8
FBgn0050395	3.62E-31	0.699184144	1.56E-138	0.000215047	1.96E-09	NA	8.49E-13	1.68E-09	2
FBgn0050398	2.30E-36	0.742443234	1.41E-131	0.000119641	NA	0.012137882	1.44E-21	NA	1
FBgn0050404	6.27E-29	0.660219866	1.43E-200	0.03082895	1.65E-14	0.008245371	NA	NA	1
FBgn0050412	6.12E-43	0.798362728	4.52E-176	0.000110552	NA	0.002876228	1.57E-26	NA	1
FBgn0050421	8.23E-31	0.695112852	1.09E-186	0.030134805	2.95E-18	0.002746305	NA	0.009024484	8
FBgn0050430	5.71E-26	0.620557129	1.17E-163	0.008152862	NA	0.010043394	1.54E-13	NA	1
FBgn0050432	8.08E-34	0.716828294	2.71E-143	0.003857895	NA	0.000872013	3.76E-18	NA	1
FBgn0050438	4.45E-24	0.606853037	8.09E-127	8.53E-08	0.032635098	1.41E-05	4.27E-05	NA	2
FBgn0050447	2.54E-32	0.687774621	5.32E-147	NA	NA	0.001240775	3.27E-22	NA	1
FBgn0050462	2.82E-37	0.751043348	7.72E-166	0.007573392	NA	0.024269054	3.55E-23	NA	1
FBgn0051004	7.07E-34	0.717437375	1.43E-179	NA	NA	6.47E-14	2.15E-08	7.16E-06	8
FBgn0051007	4.47E-40	0.775684763	4.76E-165	0.000714506	NA	0.002301196	5.56E-24	NA	1
FBgn0051010	9.92E-43	0.796781423	5.01E-168	7.20E-05	NA	0.00497074	1.33E-26	NA	1
FBgn0051025	8.02E-46	0.818868779	1.36E-201	1.48E-05	NA	0.001070702	1.66E-28	NA	1
FBgn0051029	4.54E-46	0.820529765	4.27E-198	0.000870928	NA	0.001218861	4.73E-29	NA	1
FBgn0051030	1.94E-33	0.733999618	1.49E-150	0.01842424	1.69E-16	0.010048645	2.12E-09	0.028833578	7
FBgn0051041	3.72E-27	0.636981313	1.32E-131	5.81E-07	NA	NA	6.07E-07	7.17E-08	2
FBgn0051050	1.73E-36	0.753814289	2.73E-139	0.000141559	NA	0.001174742	8.66E-21	0.034059894	1
FBgn0051055	7.48E-46	0.819073035	1.34E-179	3.43E-10	NA	0.000548863	4.46E-27	NA	1
FBgn0051068	2.25E-33	0.699644905	5.21E-167	NA	NA	0.013378559	1.60E-24	NA	1
FBgn0051072	1.19E-25	0.600790847	2.03E-210	NA	2.37E-13	2.15E-05	NA	NA	8
FBgn0051088	1.06E-39	0.781826625	3.48E-168	0.004239617	NA	0.00072604	1.78E-24	0.015184512	1
FBgn0051089	1.04E-28	0.669984984	3.71E-93	1.36E-10	NA	0.008978243	0.025989996	0.008821859	9
FBgn0051092	1.10E-34	0.736527837	4.42E-149	0.000158867	1.18E-08	1.25E-07	0.000618185	NA	4
FBgn0051099	1.73E-30	0.679407309	3.77E-154	0.000427297	NA	0.007572009	1.42E-16	NA	1
FBgn0051102	8.40E-36	0.736994402	1.85E-154	0.00451628	2.30E-18	0.000910458	NA	NA	6
FBgn0051108	5.78E-35	0.716738034	8.94E-209	NA	NA	5.05E-05	4.06E-23	NA	1
FBgn0051128	1.44E-37	0.742650794	6.05E-171	NA	NA	5.33E-07	1.22E-23	NA	1
FBgn0051141	1.45E-42	0.804119929	6.17E-169	3.26E-10	NA	0.000237773	1.25E-22	0.037310317	1
FBgn0051161	2.92E-43	0.800756399	8.51E-182	0.02480142	NA	0.000514709	4.80E-26	NA	1
FBgn0051174	1.17E-34	0.725536492	1.49E-155	NA	NA	0.000133867	7.49E-21	0.021664068	1
FBgn0051195	4.97E-51	0.843275996	3.22E-222	NA	NA	2.44E-08	1.93E-36	NA	8
FBgn0051204	4.29E-44	0.806835914	4.24E-180	8.88E-05	NA	0.000803093	6.79E-27	NA	1
FBgn0051206	2.42E-41	0.794898513	2.59E-172	1.68E-06	NA	0.001872562	1.04E-24	0.046880683	1
FBgn0051213	1.29E-30	0.667518908	1.58E-166	NA	NA	0.003382489	3.46E-21	NA	1
FBgn0051226	2.70E-34	0.72180732	6.90E-177	0.001259779	NA	0.020651289	2.06E-20	NA	1
FBgn0051230	1.38E-28	0.641718049	1.23E-126	NA	NA	0.001149046	9.59E-19	NA	1
FBgn0051231	5.39E-45	0.813208287	4.50E-178	5.23E-06	NA	9.14E-05	1.73E-26	NA	1
FBgn0051244	1.37E-43	0.811502859	7.52E-172	7.72E-06	NA	0.000600975	2.68E-25	0.044100587	1
FBgn0051245	2.43E-42	0.793818803	3.85E-163	1.81E-11	NA	9.78E-05	1.40E-22	NA	1
FBgn0051266	4.91E-27	0.620638	6.30E-148	NA	NA	1.01E-07	8.82E-13	NA	10
FBgn0051272	9.25E-29	0.670593489	7.34E-96	1.34E-07	1.86E-14	0.002694318	6.55E-10	NA	6
FBgn0051279	6.54E-25	0.605258203	4.27E-113	NA	NA	2.70E-05	7.48E-15	0.002505336	1
FBgn0051281	3.66E-43	0.808462769	9.59E-180	0.000751628	NA	0.00033012	2.92E-26	0.015876702	1
FBgn0051287	1.20E-41	0.78842548	9.50E-171	0.000174366	NA	0.001193929	6.30E-25	NA	1
FBgn0051288	2.29E-43	0.809926269	8.33E-150	1.16E-17	9.81E-06	1.16E-07	5.19E-05	NA	9
FBgn0051313	1.94E-39	0.779678182	6.95E-161	6.68E-12	NA	4.20E-18	2.68E-12	1.10E-11	5
FBgn0051320	3.39E-32	0.699180386	1.38E-173	7.44E-09	NA	0.000981475	2.53E-15	NA	1
FBgn0051326	5.69E-37	0.748195663	3.38E-167	0.008022474	NA	2.75E-07	1.74E-11	NA	5
FBgn0051327	3.53E-40	0.766241145	4.82E-198	NA	NA	0.006538918	1.61E-30	NA	1
FBgn0051361	1.60E-33	0.724738564	2.33E-170	4.44E-05	NA	0.004825596	7.71E-20	0.04534005	1
FBgn0051370	1.06E-27	0.629821141	1.94E-114	NA	2.07E-17	0.001592464	NA	NA	5
FBgn0051380	2.84E-34	0.721584465	5.02E-137	6.37E-17	NA	0.013101863	NA	0.000177024	9
FBgn0051407	1.35E-42	0.795770703	3.50E-172	0.000393219	NA	0.00022058	6.08E-25	NA	1
FBgn0051415	2.33E-36	0.742397882	2.86E-161	0.001139061	NA	0.000481373	6.64E-20	NA	1
FBgn0051418	1.76E-34	0.734484014	2.05E-138	1.31E-07	1.25E-14	NA	5.92E-17	9.65E-13	2
FBgn0051419	5.45E-36	0.749156519	3.30E-121	0.000112054	7.54E-06	NA	3.07E-10	5.73E-11	2
FBgn0051459	5.76E-40	0.764406614	8.62E-183	NA	NA	5.60E-06	4.84E-27	NA	1
FBgn0051465	4.13E-30	0.661274963	1.43E-166	NA	NA	0.010407926	2.20E-21	NA	1
FBgn0051469	3.11E-27	0.63803829	1.56E-107	NA	1.57E-12	1.03E-08	NA	8.21E-05	4
FBgn0051473	9.39E-42	0.779421225	5.15E-189	NA	NA	0.000224472	2.02E-30	NA	1
FBgn0051482	6.48E-37	0.747666911	1.67E-163	NA	NA	3.49E-05	2.81E-22	0.012543237	1
FBgn0051523	9.63E-27	0.644527149	1.38E-203	3.15E-13	8.85E-23	NA	5.56E-16	2.87E-11	11
FBgn0051528	7.91E-39	0.765019761	1.76E-157	0.008120709	NA	0.006995258	1.10E-23	NA	1
FBgn0051533	1.18E-38	0.763496428	4.77E-178	8.55E-06	NA	0.000100958	8.62E-21	NA	1
FBgn0051538	3.82E-44	0.807199813	4.09E-201	0.000195076	NA	0.000857789	5.05E-27	NA	1
FBgn0051542	4.73E-39	0.76696244	3.19E-163	0.006015491	NA	0.012710159	3.00E-24	NA	1
FBgn0051546	3.37E-38	0.759447783	1.42E-161	0.000798314	NA	0.007712792	4.65E-23	NA	1
FBgn0051627	3.39E-34	0.731631201	3.25E-143	0.000197609	NA	0.001187865	1.58E-21	0.009079655	1
FBgn0051639	3.00E-34	0.721338437	4.64E-170	0.005409929	NA	0.041299171	5.44E-21	NA	1
FBgn0051641	5.14E-36	0.749392952	4.10E-186	2.31E-05	2.44E-16	0.011500617	7.20E-09	NA	1
FBgn0051644	2.94E-43	0.809151495	3.65E-167	0.000372576	NA	0.000203181	1.54E-26	0.010076458	1
FBgn0051663	1.81E-32	0.713585726	2.71E-169	2.22E-16	0.000314747	0.020625492	0.00167585	NA	9
FBgn0051679	6.26E-38	0.75702542	5.37E-159	0.000773986	NA	7.87E-05	2.89E-20	NA	1
FBgn0051680	3.81E-24	0.607865326	2.30E-131	1.37E-07	1.41E-06	1.39E-06	2.62E-10	NA	2
FBgn0051682	2.10E-27	0.653286729	7.03E-141	0.003367929	NA	0.00788564	2.21E-16	0.041604103	1
FBgn0051693	1.01E-43	0.812451558	1.01E-166	0.000262201	NA	0.000377119	2.94E-26	0.022501881	1
FBgn0051697	4.34E-38	0.768205172	1.11E-152	0.000881476	NA	0.000348668	2.09E-21	0.019766534	1
FBgn0051704	6.19E-46	0.827408213	4.06E-155	2.87E-05	4.35E-09	9.32E-23	1.82E-13	NA	2
FBgn0051709	5.09E-43	0.807432583	3.17E-186	0.000133906	NA	0.002064941	3.90E-27	0.037116319	1
FBgn0051716	1.19E-28	0.656661418	1.46E-222	8.55E-05	3.24E-13	0.002829494	NA	NA	1
FBgn0051719	3.00E-34	0.721331569	2.27E-160	NA	5.36E-27	0.000115803	1.90E-22	NA	7
FBgn0051729	1.69E-28	0.654710611	4.55E-231	0.003008622	NA	0.000122093	4.66E-08	NA	5
FBgn0051730	2.14E-30	0.690311578	3.52E-134	0.000150646	NA	0.002330348	9.20E-18	0.022532078	1
FBgn0051735	1.25E-37	0.743232072	8.78E-180	NA	NA	0.007487704	3.63E-28	NA	1
FBgn0051740	3.71E-45	0.814329832	6.90E-192	0.001950562	NA	0.011904483	1.51E-29	NA	1
FBgn0051742	8.41E-35	0.737676443	7.93E-139	5.05E-06	NA	0.000804666	2.83E-20	0.014890222	1
FBgn0051752	5.26E-40	0.775096083	1.68E-152	0.000629751	NA	0.000138061	2.20E-22	NA	1
FBgn0051773	7.73E-46	0.818978227	2.06E-188	9.29E-05	NA	0.000636853	2.17E-28	NA	1
FBgn0051787	8.27E-39	0.77439896	1.65E-146	0.008813257	NA	0.004626616	9.74E-27	0.014428261	1
FBgn0051788	4.57E-35	0.717800554	1.08E-185	NA	NA	0.022915736	2.05E-26	NA	1
FBgn0051797	1.57E-32	0.714256338	7.03E-152	0.002173411	NA	0.007038685	2.77E-21	0.023756336	1
FBgn0051798	1.69E-40	0.768977743	2.14E-186	NA	NA	0.000286205	2.68E-29	NA	1
FBgn0051802	1.23E-46	0.83188867	9.07E-145	0.000870869	0.007502004	0.006296928	0.005982972	NA	1
FBgn0051803	1.35E-30	0.692615302	2.63E-141	0.001551178	NA	0.0045323	1.16E-17	0.045347243	1
FBgn0051804	2.61E-40	0.777627032	2.05E-165	0.00013645	NA	0.000451139	3.33E-23	NA	1
FBgn0051805	3.58E-31	0.699245287	1.41E-152	0.00014786	NA	0.001148466	7.62E-18	0.017118194	1
FBgn0051806	1.12E-37	0.743679073	4.28E-160	NA	NA	0.005620705	4.69E-28	NA	1
FBgn0051815	4.63E-26	0.621848753	4.46E-130	0.000847671	NA	0.00096198	4.63E-12	NA	1
FBgn0051820	7.22E-41	0.78219807	2.23E-183	0.000242701	NA	0.001323854	2.62E-24	NA	1
FBgn0051858	4.50E-41	0.783860019	2.14E-167	0.000120882	NA	0.004714358	3.91E-25	NA	1
FBgn0051860	2.10E-33	0.712427956	2.09E-155	7.74E-05	NA	0.002332768	4.28E-18	NA	1
FBgn0051861	2.97E-31	0.688429501	8.67E-136	0.001368934	NA	0.002338046	1.35E-16	NA	1
FBgn0051867	1.52E-39	0.771194543	2.89E-155	1.67E-12	NA	0.000243391	8.14E-20	NA	1
FBgn0051870	2.87E-36	0.741513977	2.67E-170	0.000116535	NA	0.001112777	3.84E-20	NA	1
FBgn0051872	1.08E-31	0.70509632	2.41E-145	0.000656964	7.51E-05	NA	1.85E-09	9.68E-07	2
FBgn0051874	9.54E-41	0.781217855	2.41E-171	0.000675704	NA	0.004474958	5.96E-25	NA	1
FBgn0051882	1.80E-46	0.830848623	3.18E-176	8.83E-05	NA	0.001049404	1.66E-30	0.01943902	1
FBgn0051902	8.73E-33	0.705709251	5.99E-97	4.75E-10	NA	5.39E-07	1.80E-12	NA	2
FBgn0051907	4.31E-33	0.709054791	7.07E-151	0.00191983	4.84E-18	0.017679782	NA	NA	1
FBgn0051910	2.13E-41	0.786462874	8.30E-168	0.001068985	NA	0.000344731	3.94E-24	NA	1
FBgn0051913	2.65E-38	0.760382588	1.53E-166	0.004574097	NA	0.000625529	9.18E-22	NA	1
FBgn0051924	2.30E-29	0.651832698	9.50E-148	NA	NA	NA	4.57E-14	4.59E-05	1
FBgn0051933	2.39E-38	0.770456987	2.12E-158	1.53E-05	NA	0.000124962	2.44E-23	0.003601314	1
FBgn0051949	7.99E-35	0.72723455	1.46E-159	0.010408088	NA	0.016613417	7.06E-21	NA	1
FBgn0051950	1.09E-26	0.630585333	6.94E-138	0.001422829	5.74E-13	NA	NA	0.002842752	1
FBgn0051952	6.03E-47	0.817824203	9.18E-185	NA	NA	2.94E-08	3.67E-32	NA	1
FBgn0052017	3.04E-25	0.623813124	2.33E-166	NA	1.63E-07	0.001955238	0.00949278	0.010794305	4
FBgn0052026	4.31E-46	0.82067774	3.36E-187	0.001647701	NA	0.000309154	2.26E-28	NA	1
FBgn0052054	7.18E-36	0.757513586	1.57E-104	0.016548619	8.26E-09	0.012688971	0.000615028	0.040326323	8
FBgn0052056	4.83E-45	0.821522597	5.10E-188	2.39E-06	NA	1.25E-07	3.99E-23	0.000648648	5
FBgn0052061	1.85E-34	0.711407642	5.19E-173	NA	NA	0.021415933	8.26E-26	NA	1
FBgn0052062	1.44E-27	0.655439534	6.30E-166	0.006246264	7.70E-27	NA	5.07E-21	0.035263755	3
FBgn0052064	1.96E-47	0.829408017	6.54E-209	0.000178161	NA	0.000693332	5.92E-30	NA	1
FBgn0052081	2.70E-39	0.778488981	2.82E-175	0.00857992	NA	0.002092488	5.13E-24	0.035661112	1
FBgn0052085	9.83E-53	0.866295462	9.53E-145	0.001081496	2.78E-44	0.019939267	5.07E-34	NA	7
FBgn0052086	2.19E-35	0.721110735	3.22E-172	NA	NA	0.011414949	2.69E-26	NA	1
FBgn0052087	2.43E-29	0.651522902	1.23E-154	NA	NA	0.000839776	2.94E-19	NA	1
FBgn0052107	7.51E-41	0.782059159	3.56E-93	NA	NA	3.09E-21	1.54E-13	1.99E-11	8
FBgn0052110	3.04E-35	0.742007484	1.32E-159	0.003924483	NA	0.004420597	6.25E-22	0.035365768	1
FBgn0052115	9.41E-25	0.602924079	1.33E-133	NA	1.13E-09	NA	7.07E-05	0.000477379	8
FBgn0052117	9.71E-38	0.755296811	2.71E-151	0.004782135	NA	0.001926619	6.19E-22	NA	1
FBgn0052119	5.89E-44	0.805849336	4.81E-182	0.021642846	NA	0.001606136	2.43E-27	NA	1
FBgn0052141	4.28E-42	0.800622435	9.48E-166	0.000309028	NA	0.001320928	2.95E-25	0.044222735	1
FBgn0052192	3.12E-37	0.750639279	2.95E-174	0.010411496	NA	0.000323603	1.85E-20	NA	1
FBgn0052199	1.55E-43	0.811129607	5.53E-141	2.99E-39	2.25E-07	NA	2.71E-08	7.55E-08	12
FBgn0052203	2.56E-34	0.732857083	4.61E-126	NA	0.001943997	0.031981709	2.25E-06	8.30E-05	2
FBgn0052220	3.04E-27	0.638174524	8.18E-80	3.04E-27	0.009059361	NA	NA	0.000268104	12
FBgn0052228	8.18E-31	0.695143083	1.42E-140	0.010152269	NA	0.003065902	8.08E-19	0.021295996	1
FBgn0052230	1.49E-96	0.97251127	3.30E-198	NA	1.72E-67	9.96E-06	5.82E-45	NA	7
FBgn0052232	5.11E-40	0.784428229	2.25E-153	0.000110577	NA	1.71E-05	9.25E-23	0.002437324	1
FBgn0052238	2.58E-40	0.767418825	8.40E-191	NA	NA	0.001162542	8.85E-30	NA	1
FBgn0052240	2.53E-42	0.793689499	3.69E-165	0.000387259	NA	0.000162712	1.54E-24	NA	1
FBgn0052262	6.85E-35	0.727909335	3.10E-170	0.009717635	NA	0.000707794	6.24E-19	NA	1
FBgn0052263	2.53E-27	0.624639474	8.94E-144	NA	NA	0.000305503	6.72E-17	NA	1
FBgn0052298	5.95E-32	0.696428708	1.43E-148	0.017581274	NA	0.021751515	9.48E-19	NA	1
FBgn0052305	3.76E-30	0.675346614	7.18E-136	NA	NA	9.92E-07	6.94E-14	0.004633573	1
FBgn0052311	5.29E-32	0.697002482	1.88E-193	NA	1.81E-33	1.11E-05	9.53E-30	NA	3
FBgn0052319	1.69E-40	0.779185908	8.72E-128	NA	0.036004006	4.17E-06	0.023733137	NA	1
FBgn0052351	2.38E-47	0.828873806	2.77E-205	0.000284994	NA	0.002173531	1.73E-30	NA	1
FBgn0052368	9.71E-34	0.726968452	1.50E-21	NA	0.001510609	1.94E-21	1.69E-06	3.26E-14	8
FBgn0052369	2.80E-26	0.609913171	1.08E-188	NA	NA	5.62E-05	4.25E-15	NA	8
FBgn0052372	2.36E-44	0.808698644	2.48E-195	0.004292545	2.63E-25	0.000507085	NA	NA	6
FBgn0052380	3.38E-39	0.768225615	5.09E-191	0.013144952	NA	0.012645838	2.07E-24	NA	1
FBgn0052392	6.91E-48	0.832259622	8.11E-185	0.00090591	NA	0.000112146	1.57E-29	NA	1
FBgn0052396	2.06E-37	0.741163071	3.99E-183	NA	NA	0.0057277	8.18E-28	NA	1
FBgn0052432	1.00E-38	0.773691539	7.18E-168	0.029782746	3.72E-37	0.01611852	4.39E-31	NA	7
FBgn0052436	4.54E-47	0.827079851	6.47E-204	1.85E-07	NA	0.000303538	1.02E-28	NA	1
FBgn0052437	1.47E-47	0.830204124	1.34E-180	1.68E-13	NA	1.84E-05	2.02E-26	NA	1
FBgn0052440	1.58E-34	0.724199663	3.07E-155	0.000584733	NA	0.003685125	1.78E-19	NA	1
FBgn0052445	3.08E-45	0.81489176	3.18E-182	7.82E-05	NA	0.001275651	3.56E-28	NA	1
FBgn0052450	1.74E-36	0.743603533	3.54E-162	0.002473254	NA	0.000660403	3.24E-20	NA	1
FBgn0052459	4.82E-40	0.775412173	3.75E-175	0.019249775	NA	0.001798598	6.46E-24	NA	1
FBgn0052461	3.87E-31	0.673860889	1.81E-148	NA	NA	4.41E-05	2.02E-19	NA	1
FBgn0052488	9.90E-40	0.772783548	3.45E-153	0.007376725	NA	0.012578573	7.67E-25	NA	1
FBgn0052521	6.13E-42	0.79071096	6.81E-202	NA	2.09E-14	2.85E-08	4.22E-06	NA	8
FBgn0052548	6.60E-42	0.780664003	3.87E-205	NA	NA	0.002458932	1.09E-31	NA	1
FBgn0052549	9.47E-45	0.811498979	1.62E-203	2.90E-06	1.57E-26	0.005713766	NA	NA	6
FBgn0052572	1.27E-44	0.818694341	1.66E-172	0.002276401	NA	0.001901301	9.76E-29	0.032968404	1
FBgn0052574	1.58E-31	0.678496141	1.19E-159	NA	NA	0.000173984	1.84E-20	NA	1
FBgn0052591	1.69E-38	0.762111174	1.15E-191	NA	NA	0.000446647	2.96E-25	0.027225963	1
FBgn0052627	3.08E-80	0.949605667	9.06E-201	NA	1.32E-44	0.0006365	8.52E-21	NA	7
FBgn0052628	5.47E-46	0.827758003	3.04E-193	0.000735129	NA	0.000103069	1.06E-28	0.007025551	1
FBgn0052650	6.42E-37	0.757774082	2.89E-151	0.005210639	NA	0.006817312	1.77E-23	0.046194684	1
FBgn0052651	1.89E-39	0.779764246	2.28E-175	0.006628696	NA	0.000167027	5.81E-23	0.008879046	1
FBgn0052655	2.56E-37	0.740264503	1.64E-194	NA	NA	0.002135315	3.34E-27	NA	1
FBgn0052672	3.88E-29	0.662844546	2.69E-189	NA	4.80E-30	NA	2.21E-25	0.000470182	3
FBgn0052681	1.43E-31	0.679006523	1.33E-157	NA	NA	0.021280998	3.75E-23	NA	1
FBgn0052686	1.22E-44	0.801667526	1.30E-199	NA	NA	0.001897492	3.14E-34	NA	1
FBgn0052687	3.25E-29	0.649896665	1.70E-210	NA	NA	0.000523018	6.83E-19	NA	5
FBgn0052695	1.86E-38	0.771392616	2.98E-130	0.001763823	7.52E-19	1.52E-05	NA	0.001806076	8
FBgn0052700	6.00E-30	0.685029125	5.92E-150	0.012086154	5.24E-18	0.005566819	NA	0.014793799	1
FBgn0052703	2.57E-44	0.799298211	6.15E-210	NA	NA	0.00069816	1.86E-33	NA	1
FBgn0052806	3.11E-34	0.732004217	1.26E-140	0.013493477	NA	0.005760859	5.67E-23	0.017690344	1
FBgn0052832	4.42E-37	0.749225804	4.08E-158	0.001548702	NA	0.007921474	3.62E-22	NA	1
FBgn0052833	2.59E-32	0.711893169	5.17E-132	3.51E-10	9.80E-16	3.48E-13	3.02E-19	NA	2
FBgn0052846	2.68E-34	0.721839748	7.80E-153	0.022950962	NA	NA	9.06E-20	0.032762646	1
FBgn0053017	2.98E-38	0.759929847	1.12E-179	0.00564928	NA	0.008914876	2.50E-23	NA	1
FBgn0053054	7.41E-35	0.738220639	3.74E-141	1.42E-05	1.74E-18	0.000205143	NA	0.004129822	1
FBgn0053060	7.78E-39	0.774622595	1.57E-150	8.25E-08	NA	0.000462702	2.41E-22	0.01663835	1
FBgn0053061	3.61E-32	0.698877744	4.17E-139	0.000526997	NA	0.000751727	1.26E-16	NA	1
FBgn0053080	3.12E-26	0.637604265	1.68E-182	4.60E-08	1.95E-05	0.001476958	9.80E-07	NA	9
FBgn0053092	2.21E-39	0.769817212	9.83E-179	0.031729491	NA	0.004765591	5.99E-24	NA	1
FBgn0053109	8.10E-28	0.658667734	1.36E-124	1.89E-20	3.12E-14	1.98E-07	1.04E-07	NA	11
FBgn0053110	1.60E-58	0.892397819	6.15E-144	0.000112975	4.14E-36	5.78E-16	NA	6.04E-14	8
FBgn0053123	1.85E-45	0.816413948	1.35E-186	NA	2.25E-14	6.41E-06	0.000140607	NA	8
FBgn0053125	1.29E-40	0.769987195	6.46E-198	NA	NA	0.030557189	8.46E-32	NA	1
FBgn0053140	6.57E-32	0.69594271	2.01E-159	NA	NA	0.000495365	1.79E-21	0.011322402	1
FBgn0053170	6.43E-45	0.812671098	7.50E-172	NA	2.10E-24	0.000708422	7.36E-14	NA	7
FBgn0053189	5.77E-35	0.728666396	9.09E-166	0.037417224	NA	0.007566453	1.69E-20	NA	1
FBgn0053191	3.57E-44	0.807412255	1.01E-182	0.017178365	NA	0.00394307	4.50E-28	NA	1
FBgn0053233	2.09E-44	0.817206829	1.44E-173	5.12E-06	NA	0.000312514	1.17E-27	0.012588759	1
FBgn0053234	5.40E-39	0.775962298	1.54E-161	0.001743273	NA	0.002996383	1.15E-24	0.031284638	1
FBgn0053258	2.75E-37	0.751141296	4.94E-156	NA	NA	0.000806308	1.37E-24	0.032384715	5
FBgn0053285	9.20E-33	0.692803066	2.71E-160	NA	NA	0.02470223	2.45E-24	NA	1
FBgn0053286	1.84E-45	0.824306112	1.73E-174	8.40E-07	NA	1.36E-05	2.38E-29	0.000665897	1
FBgn0053287	3.56E-35	0.730775129	1.94E-176	NA	NA	0.000159233	3.64E-21	0.025601757	1
FBgn0053301	1.18E-45	0.832767586	2.61E-93	7.78E-13	1.37E-10	0.006823839	4.80E-10	0.018776704	9
FBgn0053309	3.45E-33	0.721251452	1.70E-147	0.023596333	NA	8.35E-05	5.14E-20	0.001293879	1
FBgn0053322	1.49E-44	0.818212754	1.68E-175	0.001085114	NA	0.000854687	1.31E-28	0.018692158	1
FBgn0053329	9.80E-47	0.816405805	1.69E-155	NA	4.19E-26	1.21E-13	NA	NA	8
FBgn0053340	1.34E-44	0.810431894	7.43E-202	0.000663122	NA	0.001139166	1.19E-27	NA	1
FBgn0053346	1.28E-50	0.855245922	7.27E-166	6.77E-08	NA	1.36E-21	6.55E-29	9.46E-18	5
FBgn0053489	1.68E-40	0.788305179	2.24E-166	0.030949915	NA	0.000180633	1.76E-22	0.016225048	1
FBgn0053490	6.24E-33	0.694706009	7.69E-167	NA	NA	0.014607056	3.63E-24	NA	1
FBgn0053498	1.07E-33	0.715544434	1.77E-208	3.03E-05	NA	0.00212904	3.43E-13	NA	5
FBgn0053523	7.67E-26	0.603577213	3.18E-240	NA	NA	0.012692008	1.06E-17	NA	1
FBgn0053530	5.61E-33	0.695224958	3.73E-134	NA	1.14E-10	NA	NA	8.23E-12	2
FBgn0053532	4.37E-38	0.768180543	4.03E-70	NA	2.06E-05	9.20E-25	2.52E-08	9.58E-16	8
FBgn0053556	4.89E-33	0.708461997	9.65E-175	NA	1.88E-33	NA	1.12E-27	0.013296997	3
FBgn0053653	1.79E-31	0.677868228	1.21E-205	NA	1.06E-20	0.001385351	NA	NA	2
FBgn0053673	5.73E-25	0.606105153	4.33E-122	0.020754609	NA	0.007911657	1.08E-12	NA	1
FBgn0053937	6.15E-35	0.728386804	5.52E-153	0.010236273	NA	0.001077348	3.19E-19	NA	1
FBgn0054012	1.07E-37	0.754927147	4.70E-152	1.44E-05	NA	0.000602668	7.09E-21	NA	1
FBgn0054021	3.14E-27	0.637973016	2.39E-135	0.000290634	NA	0.0026627	2.13E-13	NA	1
FBgn0054040	3.65E-43	0.808475149	2.74E-130	2.62E-24	4.10E-11	5.29E-14	NA	2.32E-08	4
FBgn0054054	2.23E-27	0.625406353	9.22E-77	NA	NA	1.08E-10	4.58E-10	NA	5
FBgn0061435	3.03E-29	0.664189595	1.24E-127	0.000328624	NA	0.004583173	2.86E-15	NA	1
FBgn0061492	8.49E-25	0.603591845	2.40E-176	NA	5.28E-17	1.98E-07	NA	6.00E-06	8
FBgn0062517	4.47E-43	0.807839961	2.91E-170	4.45E-06	NA	0.000251675	2.35E-27	0.006401457	1
FBgn0063261	3.64E-35	0.741240639	1.96E-149	3.34E-05	NA	0.002354295	6.02E-21	0.029815821	1
FBgn0063485	4.75E-37	0.758962849	7.53E-187	0.006335274	0.020524656	0.026453713	0.043990981	NA	1
FBgn0063492	2.86E-40	0.786461527	8.95E-70	1.57E-20	9.22E-13	0.012301556	5.37E-07	NA	9
FBgn0064119	6.29E-42	0.790624789	1.36E-180	0.043332217	NA	0.00471224	3.56E-26	NA	1
FBgn0064225	6.77E-41	0.791424429	1.31E-207	3.45E-12	2.28E-18	NA	2.94E-08	0.035168713	4
FBgn0064237	9.29E-43	0.787437062	2.03E-189	NA	1.47E-27	NA	NA	0.000189149	6
FBgn0064912	1.66E-46	0.823422652	1.33E-182	0.000776179	NA	1.52E-05	2.99E-27	NA	1
FBgn0067779	5.59E-38	0.75747021	5.47E-179	NA	0.030078542	0.011428551	0.018243149	NA	8
FBgn0067903	1.36E-37	0.772878991	6.94E-30	0.02940917	0.024794572	2.17E-09	5.93E-05	1.16E-06	5
FBgn0067905	4.39E-42	0.800534704	6.83E-113	0.016853443	NA	1.17E-06	7.02E-20	0.002299031	5
FBgn0069354	6.75E-43	0.798043417	7.53E-184	4.83E-05	NA	0.002754378	2.12E-26	NA	1
FBgn0069973	5.53E-56	0.881647628	1.56E-125	0.041218396	6.34E-36	NA	1.19E-20	0.039694993	7
FBgn0083167	2.28E-51	0.85263605	2.21E-153	NA	1.33E-37	0.020940989	4.05E-27	NA	7
FBgn0083919	2.59E-40	0.77766113	9.55E-158	NA	3.03E-36	0.041614673	1.11E-28	NA	3
FBgn0083943	9.88E-43	0.796793893	4.10E-169	0.000206068	NA	0.000797619	1.06E-25	NA	1
FBgn0083945	3.28E-41	0.793874936	7.95E-110	7.91E-07	5.28E-14	9.06E-09	2.25E-07	NA	1
FBgn0083946	5.34E-37	0.748459542	4.55E-167	0.003551758	NA	0.008841361	3.18E-22	NA	1
FBgn0083956	9.39E-35	0.726518083	2.91E-200	5.04E-05	2.23E-10	0.000154536	NA	NA	10
FBgn0083960	5.47E-45	0.804199561	3.81E-195	NA	NA	0.001111278	2.51E-34	NA	1
FBgn0083972	2.39E-37	0.751699133	1.26E-91	0.012392763	NA	4.94E-07	5.80E-17	NA	5
FBgn0085190	6.00E-40	0.77461808	6.69E-159	0.000273708	NA	0.000778655	3.26E-23	NA	1
FBgn0085197	9.50E-34	0.716084324	1.15E-176	0.019806728	NA	0.003052026	6.87E-19	NA	1
FBgn0085201	6.27E-74	0.936292138	6.84E-127	NA	8.54E-52	0.008869481	5.30E-35	NA	7
FBgn0085204	7.56E-29	0.659190729	2.82E-121	0.002774496	NA	0.004544244	3.79E-15	NA	1
FBgn0085209	6.60E-35	0.738710636	2.42E-95	7.88E-07	6.89E-19	0.0026212	7.15E-16	NA	10
FBgn0085210	3.63E-29	0.649274671	3.02E-145	NA	NA	0.00149489	2.06E-19	NA	1
FBgn0085211	4.11E-28	0.649714139	1.14E-127	0.004500904	NA	0.021639257	1.29E-15	NA	1
FBgn0085232	5.76E-42	0.7909229	3.08E-108	NA	1.23E-16	0.000293894	5.66E-07	NA	4
FBgn0085239	4.04E-32	0.698326703	3.61E-136	0.000226827	NA	0.001190408	8.94E-17	NA	1
FBgn0085256	1.24E-50	0.85531802	6.13E-115	3.49E-05	2.52E-11	3.06E-08	0.012254228	NA	8
FBgn0085293	2.39E-30	0.677735794	1.44E-141	NA	NA	0.001890879	1.80E-19	0.039657365	1
FBgn0085303	3.22E-37	0.739314672	1.63E-171	NA	NA	0.001703587	5.43E-27	NA	1
FBgn0085315	3.70E-27	0.637017499	7.02E-105	0.0001363	7.97E-14	NA	NA	0.009485241	1
FBgn0085316	3.28E-39	0.768337861	1.62E-158	0.002274257	NA	0.003610467	1.50E-23	NA	1
FBgn0085321	5.39E-26	0.620916273	7.77E-141	0.029581569	NA	0.026619742	2.64E-14	NA	1
FBgn0085337	3.67E-43	0.800020274	3.43E-171	0.00041963	NA	0.000244564	1.64E-25	NA	1
FBgn0085339	3.69E-36	0.740466134	2.51E-168	0.021661905	6.81E-19	0.001332811	NA	NA	1
FBgn0085341	6.33E-32	0.696125107	3.35E-158	0.011598187	NA	0.004633359	1.15E-17	NA	1
FBgn0085344	1.32E-32	0.70375099	9.10E-153	0.019861319	NA	0.025435467	2.13E-19	NA	1
FBgn0085359	1.61E-29	0.679882231	1.72E-158	NA	1.60E-10	0.001501557	8.74E-05	0.033206076	4
FBgn0085390	4.60E-37	0.74905964	7.61E-185	0.026692865	2.06E-20	0.004390227	NA	NA	1
FBgn0085421	7.13E-24	0.603801469	9.16E-171	7.80E-09	3.89E-25	8.90E-09	1.45E-20	NA	3
FBgn0085423	4.38E-42	0.800547083	3.20E-213	0.008901558	NA	2.23E-08	4.28E-21	4.87E-05	8
FBgn0085427	4.93E-31	0.685856633	2.19E-176	NA	6.53E-33	0.000602399	1.89E-31	NA	3
FBgn0085437	3.55E-25	0.609154328	6.25E-213	NA	NA	4.38E-06	4.04E-14	0.001181348	8
FBgn0085446	4.21E-29	0.674813327	1.52E-184	0.04919311	1.10E-10	0.002933342	1.38E-17	NA	5
FBgn0085452	2.67E-56	0.8830418	1.13E-90	NA	2.57E-17	1.49E-08	8.31E-05	9.23E-05	8
FBgn0085454	1.79E-46	0.823199545	1.33E-182	0.002521827	NA	0.000187017	1.79E-28	NA	1
FBgn0085461	4.80E-27	0.635478803	4.25E-127	0.000265321	NA	7.59E-05	2.17E-11	NA	1
FBgn0085468	2.80E-59	0.890185134	4.74E-167	NA	1.84E-40	0.00067775	1.36E-27	NA	7
FBgn0085478	2.61E-33	0.711403277	4.18E-207	NA	2.85E-20	0.00030056	NA	0.037664889	8
FBgn0085479	3.38E-44	0.798416486	3.63E-192	NA	NA	2.95E-05	5.51E-32	NA	1
FBgn0085483	1.13E-27	0.668574721	1.60E-78	9.77E-05	0.000351558	3.71E-06	4.45E-07	0.000406734	5
FBgn0085486	7.95E-38	0.75608728	1.83E-163	0.000904093	NA	0.004272322	2.15E-22	NA	1
FBgn0085488	6.02E-33	0.69487862	1.22E-163	NA	NA	0.001174192	9.16E-23	NA	1
FBgn0085489	2.08E-39	0.770046419	2.31E-128	2.95E-06	NA	4.72E-05	5.11E-21	NA	1
FBgn0085491	1.33E-50	0.840790159	9.92E-78	NA	6.66E-38	9.66E-05	NA	NA	1
FBgn0085503	7.28E-27	0.618233067	3.26E-172	NA	NA	0.00012216	5.16E-16	NA	1
FBgn0086346	1.14E-52	0.865964255	6.11E-202	0.000441005	3.53E-12	0.00091446	0.026769417	NA	8
FBgn0086347	2.26E-62	0.90686349	2.99E-199	3.79E-07	NA	7.55E-14	3.84E-35	4.20E-07	5
FBgn0086358	2.64E-45	0.806473476	4.05E-210	NA	1.63E-31	7.40E-06	NA	NA	8
FBgn0086361	1.42E-31	0.67906243	1.52E-237	NA	6.59E-21	0.001699407	NA	NA	8
FBgn0086442	8.04E-46	0.818860025	1.74E-204	1.30E-05	1.82E-27	0.004144814	NA	NA	1
FBgn0086656	9.73E-26	0.617268299	5.79E-211	0.005742999	NA	0.000212894	4.65E-11	NA	8
FBgn0086679	1.77E-35	0.74428427	9.33E-155	2.89E-09	2.88E-07	0.003797644	0.001585404	NA	8
FBgn0086681	1.68E-38	0.762150999	3.56E-166	0.01455297	NA	0.002472392	9.09E-23	NA	1
FBgn0086694	4.33E-24	0.607026003	2.00E-172	0.000421885	1.70E-12	3.04E-08	NA	2.66E-08	4
FBgn0086704	6.24E-60	0.897936513	4.19E-155	6.75E-09	1.15E-42	2.07E-06	NA	9.42E-06	8
FBgn0086708	5.26E-63	0.904390765	4.54E-201	NA	1.57E-44	6.35E-10	NA	0.000356642	8
FBgn0086758	3.14E-44	0.807812375	3.43E-176	0.026385964	1.03E-26	0.006057212	NA	NA	1
FBgn0086778	5.91E-43	0.798476647	1.72E-180	NA	1.16E-31	0.011204959	1.57E-20	NA	7
FBgn0086901	5.66E-31	0.685156357	1.24E-175	NA	8.00E-08	2.14E-13	3.30E-12	NA	5
FBgn0086904	4.12E-32	0.698227866	1.29E-223	1.26E-12	7.86E-15	NA	NA	0.007444567	6
FBgn0086907	1.54E-44	0.810010476	4.30E-175	0.001571872	NA	0.000937529	1.58E-27	NA	1
FBgn0086912	8.65E-24	0.602539818	1.70E-65	0.003292626	1.21E-13	NA	6.75E-06	0.042480977	4
FBgn0086915	3.80E-41	0.784443936	3.89E-191	0.020682137	NA	0.002860494	3.58E-25	NA	1
FBgn0087007	9.60E-31	0.682448508	9.99E-205	NA	NA	0.000118725	2.90E-16	0.034839399	5
FBgn0087035	2.82E-37	0.760999091	1.21E-207	1.15E-05	2.84E-10	0.003832398	0.000150049	NA	8
FBgn0243512	6.17E-53	0.860978487	3.45E-172	NA	5.61E-39	2.60E-05	NA	0.008020787	8
FBgn0250789	1.73E-50	0.854539637	2.00E-241	0.003871206	NA	7.81E-06	1.33E-22	0.006828987	8
FBgn0250815	1.93E-34	0.734097212	5.02E-165	1.13E-22	0.01205668	NA	2.82E-06	0.010963469	12
FBgn0250821	9.56E-36	0.746840076	1.90E-140	7.36E-05	NA	5.98E-05	1.91E-19	0.005273668	1
FBgn0250822	9.19E-36	0.736611346	1.06E-152	0.001100278	NA	0.02221614	1.13E-21	NA	1
FBgn0250823	1.86E-35	0.733582794	6.20E-208	3.80E-05	NA	0.004078898	4.80E-20	NA	1
FBgn0250824	2.03E-33	0.712567489	3.27E-152	0.047605819	NA	0.021802394	5.60E-20	NA	1
FBgn0250825	2.38E-34	0.722380497	5.41E-144	0.011829925	NA	0.048146432	2.96E-21	NA	1
FBgn0250826	5.74E-29	0.660700864	1.27E-149	0.002263736	NA	0.012457113	7.49E-16	NA	1
FBgn0250827	7.14E-43	0.797857078	2.10E-168	0.006741146	NA	0.001060795	4.06E-26	NA	1
FBgn0250834	5.85E-38	0.767073088	2.04E-154	9.82E-06	NA	0.000169311	2.43E-24	0.001939292	1
FBgn0250836	3.38E-25	0.623156531	1.98E-142	NA	1.41E-12	4.88E-20	4.96E-12	6.03E-13	12
FBgn0250840	8.84E-42	0.789467955	1.47E-180	0.000282338	NA	0.000302929	2.36E-24	NA	1
FBgn0250842	4.65E-31	0.697956353	3.50E-154	NA	1.63E-21	0.008323249	5.02E-14	0.003170253	11
FBgn0250844	2.78E-40	0.777399228	1.36E-178	0.008818312	NA	0.001892106	3.76E-24	NA	1
FBgn0250845	6.99E-43	0.797926904	5.47E-183	0.001630698	NA	0.002375506	1.53E-26	NA	1
FBgn0250846	1.37E-38	0.762916354	2.24E-155	0.000280089	NA	2.86E-05	2.69E-20	NA	1
FBgn0250847	2.46E-25	0.625101488	2.19E-121	0.027900268	5.97E-09	NA	5.13E-12	4.58E-06	2
FBgn0250848	1.97E-30	0.678719874	1.78E-217	NA	5.50E-20	0.006138093	5.67E-14	NA	8
FBgn0250849	1.52E-29	0.667921943	1.11E-148	0.002302591	NA	0.023340804	1.03E-16	NA	1
FBgn0250862	1.07E-27	0.657105437	1.19E-88	0.003600249	1.98E-05	NA	0.020873736	2.36E-08	2
FBgn0259151	1.19E-40	0.780422048	1.55E-171	0.001480095	NA	0.000158685	4.72E-23	NA	1
FBgn0259152	5.89E-61	0.891276169	1.44E-193	NA	4.73E-43	1.33E-12	NA	NA	8
FBgn0259184	5.12E-34	0.7189141	7.83E-153	0.002234191	NA	0.001026783	2.16E-18	NA	1
FBgn0259220	1.04E-24	0.602303444	7.93E-152	NA	9.17E-25	0.036910022	1.40E-20	NA	3
FBgn0259227	2.30E-47	0.820616805	8.92E-209	NA	3.74E-28	4.12E-12	NA	NA	8
FBgn0259237	4.10E-30	0.686984296	1.25E-66	7.47E-05	2.37E-12	1.20E-06	NA	0.000148693	8
FBgn0259239	4.52E-38	0.768048521	1.76E-87	6.36E-09	1.33E-22	0.000423567	1.54E-16	NA	7
FBgn0259678	1.13E-27	0.6567915	7.82E-154	0.02413665	2.00E-29	0.022928444	1.52E-26	NA	3
FBgn0259680	1.91E-35	0.743960849	6.27E-174	0.015795671	9.02E-21	0.00213228	2.51E-14	NA	7
FBgn0259685	1.51E-35	0.734482084	4.16E-185	NA	0.000798525	5.74E-09	4.33E-10	NA	8
FBgn0259699	3.95E-35	0.740901463	2.77E-169	0.00738736	4.45E-20	0.000642889	NA	0.005662434	8
FBgn0259701	1.92E-41	0.786812881	1.38E-167	0.000369118	NA	0.000274989	5.19E-24	NA	1
FBgn0259716	1.06E-36	0.755768842	2.69E-125	2.39E-14	2.31E-06	1.78E-08	0.019505764	NA	4
FBgn0259727	3.06E-26	0.624378856	1.10E-141	NA	1.73E-11	NA	1.16E-05	0.007508424	7
FBgn0259729	1.20E-43	0.803589607	7.99E-170	0.000111334	NA	0.016821674	3.69E-28	NA	1
FBgn0259734	3.28E-36	0.740962966	8.41E-187	0.038640103	4.67E-18	0.000344459	NA	NA	8
FBgn0259735	4.60E-28	0.634741324	3.12E-220	NA	NA	2.34E-09	4.93E-12	NA	8
FBgn0259736	6.70E-30	0.672299899	2.02E-183	NA	1.14E-11	0.009508679	6.07E-19	NA	5
FBgn0259739	3.29E-41	0.784944774	9.33E-185	0.017985047	NA	0.000225544	9.85E-24	NA	1
FBgn0259741	2.38E-32	0.700899716	3.74E-129	0.015312989	3.56E-16	0.002128437	NA	NA	1
FBgn0259748	7.49E-44	0.820938859	1.83E-97	9.17E-09	1.59E-09	0.000181991	2.23E-06	0.001581049	12
FBgn0259785	7.93E-47	0.825517279	8.10E-188	NA	9.04E-19	0.011289303	6.91E-07	NA	4
FBgn0259794	4.10E-43	0.799660414	2.54E-185	7.57E-05	NA	0.000479979	1.00E-25	NA	1
FBgn0259795	5.26E-46	0.82009987	8.04E-208	0.000665867	NA	0.002386285	2.43E-29	NA	1
FBgn0259822	7.39E-27	0.632926344	1.36E-150	NA	6.24E-26	0.035849576	6.10E-21	NA	7
FBgn0259824	1.27E-41	0.788243539	6.89E-181	0.000180303	3.70E-22	0.000152624	NA	NA	6
FBgn0259876	5.21E-32	0.708578594	2.10E-184	3.02E-06	NA	0.00053864	7.80E-17	0.019655832	1
FBgn0259917	7.76E-29	0.671542371	1.64E-131	5.29E-05	NA	0.002516137	4.95E-15	0.047140568	1
FBgn0259922	1.39E-30	0.692491337	3.28E-136	2.14E-05	NA	0.00196966	8.18E-16	0.049748316	1
FBgn0259933	7.88E-26	0.618577298	3.89E-159	NA	8.19E-18	0.00142991	NA	0.014774375	8
FBgn0259949	7.97E-42	0.789819785	2.09E-109	0.000332289	NA	NA	2.85E-18	2.68E-08	2
FBgn0259951	2.61E-49	0.847956361	7.51E-143	1.51E-14	0.020791728	1.23E-15	4.95E-09	NA	2
FBgn0259952	1.23E-49	0.849803311	4.97E-143	3.04E-14	0.043060027	4.85E-15	1.09E-08	NA	2
FBgn0259965	2.76E-31	0.70051085	2.41E-99	0.000152967	9.17E-05	NA	1.04E-07	3.97E-11	2
FBgn0259968	7.62E-47	0.833207376	9.65E-138	1.89E-07	0.047087926	2.99E-15	1.11E-07	NA	2
FBgn0259969	8.36E-34	0.727634917	7.17E-129	1.64E-09	8.91E-06	6.73E-10	5.56E-11	NA	2
FBgn0259971	4.29E-25	0.621668626	7.21E-124	0.003730009	5.34E-08	NA	1.99E-10	1.14E-07	2
FBgn0259972	4.03E-24	0.607493901	5.54E-106	3.55E-14	4.51E-12	NA	1.79E-12	2.02E-06	2
FBgn0259975	7.60E-44	0.813316485	6.13E-156	1.51E-10	8.82E-06	7.88E-13	3.15E-13	NA	2
FBgn0259977	1.19E-32	0.69153907	1.63E-154	NA	8.50E-23	0.008219619	NA	NA	5
FBgn0259978	5.66E-40	0.774828062	2.04E-193	NA	0.006367602	0.023848389	0.036614723	NA	1
FBgn0259994	1.24E-37	0.764193754	2.01E-188	0.000658759	9.71E-32	0.006315363	3.49E-23	NA	7
FBgn0259998	2.78E-28	0.651918803	2.30E-167	8.10E-05	NA	2.87E-10	1.58E-06	NA	10
FBgn0260007	1.85E-29	0.679178218	3.35E-101	3.06E-09	NA	0.000440583	2.19E-16	0.002905245	1
FBgn0260049	1.07E-24	0.628617661	4.68E-137	0.016244287	0.040545252	0.002039742	0.000169791	0.024016685	5
FBgn0260441	3.88E-38	0.76862939	1.06E-195	1.84E-05	1.05E-12	0.006353591	5.71E-05	NA	6
FBgn0260442	3.28E-34	0.731765846	4.69E-200	NA	0.00018469	0.000123848	1.46E-09	0.034493293	5
FBgn0260453	2.55E-39	0.769277775	6.19E-165	0.002293222	NA	0.00198613	2.70E-23	NA	1
FBgn0260461	1.69E-48	0.84325358	2.10E-187	0.000104119	NA	0.000286111	1.26E-30	0.018746434	1
FBgn0260462	2.12E-35	0.733028484	2.38E-213	NA	7.82E-20	NA	1.74E-11	0.000913026	8
FBgn0260466	6.12E-40	0.783788109	3.66E-175	0.001820212	NA	0.000730355	1.55E-25	0.009929917	1
FBgn0260470	3.22E-26	0.609039846	3.05E-191	NA	NA	0.01840454	2.88E-18	NA	1
FBgn0260480	2.56E-43	0.801181471	2.30E-166	1.53E-07	NA	0.000887666	1.19E-25	NA	1
FBgn0260481	3.62E-44	0.798191688	1.18E-188	NA	NA	0.00012329	1.49E-32	NA	1
FBgn0260632	1.45E-54	0.869147273	4.53E-198	NA	7.22E-34	8.48E-12	NA	4.72E-05	8
FBgn0260634	1.18E-36	0.745206106	1.82E-199	0.045891269	3.50E-21	0.020682764	NA	NA	1
FBgn0260635	3.96E-38	0.758819863	1.45E-227	0.023285731	NA	3.70E-07	2.03E-17	NA	8
FBgn0260723	2.24E-25	0.625689613	3.98E-111	0.005268338	NA	0.000228955	5.13E-11	0.000359802	9
FBgn0260744	8.84E-31	0.694755067	2.99E-160	0.002627775	1.87E-16	0.010618419	1.45E-10	NA	4
FBgn0260745	4.99E-32	0.697290515	1.51E-154	NA	1.90E-18	0.018790283	2.69E-11	NA	4
FBgn0260746	1.04E-27	0.629919045	1.15E-133	NA	NA	1.53E-19	0.017241161	NA	5
FBgn0260747	1.49E-77	0.944320064	2.85E-198	0.000323564	1.24E-54	6.77E-08	NA	NA	8
FBgn0260748	1.25E-24	0.614958321	1.60E-190	6.87E-06	NA	6.09E-05	1.99E-07	0.02743256	8
FBgn0260758	8.64E-48	0.831654568	6.19E-184	0.000501714	NA	0.00115754	1.34E-30	NA	1
FBgn0260762	6.12E-32	0.696290011	4.42E-155	0.000481894	NA	0.020605516	2.29E-18	NA	1
FBgn0260766	1.10E-35	0.746269273	9.64E-147	5.49E-15	1.19E-21	9.86E-12	1.68E-25	NA	2
FBgn0260767	9.48E-37	0.746111665	1.22E-123	NA	2.38E-22	5.22E-07	NA	0.000892722	8
FBgn0260768	2.60E-28	0.652299972	2.20E-79	NA	2.04E-19	6.83E-07	NA	3.37E-05	8
FBgn0260775	2.77E-36	0.741676713	1.57E-161	0.002664423	7.28E-21	0.025065366	NA	NA	1
FBgn0260776	1.81E-39	0.779930751	1.00E-169	2.32E-05	NA	0.000959178	7.65E-23	0.035839025	1
FBgn0260934	3.54E-36	0.74064092	2.24E-222	0.020792456	NA	0.000133133	5.15E-19	NA	8
FBgn0260946	3.97E-30	0.687152131	2.81E-155	0.012155296	2.32E-17	0.002954176	NA	0.012226894	4
FBgn0260959	3.89E-39	0.767698249	1.80E-203	0.000152876	NA	0.008394296	8.94E-24	NA	1
FBgn0260962	2.58E-34	0.732818743	4.52E-164	0.00505026	1.19E-18	NA	4.00E-10	0.006500791	4
FBgn0260964	6.88E-36	0.737837796	1.82E-205	NA	4.61E-18	1.33E-05	7.59E-11	NA	7
FBgn0260991	5.47E-41	0.792149768	4.08E-164	0.011935814	NA	0.006970845	1.35E-28	0.020382141	1
FBgn0260996	6.17E-34	0.71805932	3.14E-142	0.009076372	NA	0.000433699	7.57E-18	NA	1
FBgn0261055	1.64E-35	0.744591584	3.73E-146	1.76E-12	9.56E-22	1.72E-12	1.37E-25	NA	2
FBgn0261059	3.97E-26	0.636168185	4.60E-114	2.44E-09	9.50E-13	NA	6.56E-14	1.41E-08	2
FBgn0261112	3.06E-30	0.676425796	4.77E-186	0.006032123	NA	0.000672549	4.03E-15	NA	1
FBgn0261113	2.35E-62	0.906805554	1.80E-206	6.81E-12	3.03E-38	7.08E-08	NA	0.000299608	8
FBgn0261241	6.39E-25	0.61918741	1.33E-158	1.94E-06	7.86E-12	0.000164582	NA	0.001294388	4
FBgn0261258	1.21E-33	0.725965066	1.84E-164	NA	0.003395687	1.19E-06	2.10E-07	0.004339318	5
FBgn0261259	3.40E-32	0.710611085	3.80E-144	NA	7.05E-24	9.37E-07	1.93E-14	0.004363952	3
FBgn0261261	7.24E-46	0.826967736	8.84E-207	NA	3.48E-19	0.01713951	2.80E-07	0.046198659	7
FBgn0261268	3.12E-39	0.77796681	1.96E-209	7.17E-05	NA	0.001073036	2.15E-23	0.027982262	1
FBgn0261283	1.22E-72	0.936627281	1.60E-195	0.000959903	2.66E-22	NA	0.001420195	3.28E-11	8
FBgn0261285	1.40E-30	0.680509049	7.26E-181	1.43E-05	1.03E-17	3.42E-06	NA	NA	9
FBgn0261287	4.05E-43	0.799706574	3.15E-181	0.003638777	NA	0.001461737	1.65E-26	NA	1
FBgn0261349	3.11E-40	0.786169941	7.68E-174	0.000653754	NA	0.004457778	1.65E-26	0.028361188	1
FBgn0261358	1.31E-28	0.656119708	1.41E-128	0.017719314	NA	0.048398559	1.07E-16	NA	1
FBgn0261385	2.98E-29	0.676649963	1.35E-156	0.000246886	9.55E-18	0.022166044	NA	0.037156519	1
FBgn0261396	2.86E-24	0.609695086	2.34E-193	NA	7.31E-11	0.006060976	3.93E-05	0.010095645	4
FBgn0261397	4.85E-38	0.758029632	3.37E-216	0.003246382	NA	0.012799084	2.41E-23	NA	1
FBgn0261439	6.85E-68	0.920264755	1.72E-188	NA	2.12E-49	0.008777107	4.29E-35	NA	7
FBgn0261444	1.88E-36	0.743281115	5.31E-176	NA	1.30E-11	0.011930289	0.000893679	NA	8
FBgn0261445	3.40E-34	0.708592267	6.33E-188	NA	7.90E-22	9.73E-05	NA	NA	5
FBgn0261451	4.69E-28	0.648965353	3.97E-146	NA	1.02E-25	0.049440424	6.39E-20	NA	3
FBgn0261458	4.03E-43	0.815902497	6.14E-163	0.002440807	0.046538268	1.61E-06	2.87E-06	0.000363556	5
FBgn0261461	2.01E-48	0.842808226	6.48E-203	5.13E-05	NA	3.77E-09	1.77E-20	0.000889706	8
FBgn0261477	9.28E-54	0.871340703	2.66E-207	6.63E-07	1.57E-31	0.009307479	1.51E-19	NA	7
FBgn0261502	4.44E-30	0.674479621	1.73E-148	0.021637134	NA	0.010297382	9.54E-17	NA	1
FBgn0261531	1.03E-30	0.682097863	4.74E-155	0.000155838	NA	0.010244859	8.20E-17	NA	1
FBgn0261532	2.68E-27	0.638905606	8.69E-189	0.000507439	1.00E-10	0.000125771	NA	NA	8
FBgn0261560	3.44E-28	0.663426912	5.91E-159	5.88E-11	NA	0.00267957	2.17E-10	0.000810337	8
FBgn0261561	3.91E-43	0.808260792	1.23E-195	1.29E-06	NA	0.000460566	3.05E-28	0.005704944	1
FBgn0261564	5.20E-30	0.685767776	8.77E-180	NA	1.34E-13	2.77E-05	1.41E-08	0.007269176	7
FBgn0261571	3.04E-27	0.623538722	4.69E-122	NA	3.22E-15	NA	NA	0.002311689	1
FBgn0261582	3.06E-36	0.751513038	1.54E-145	0.006195061	NA	0.006008411	3.35E-23	0.036723058	1
FBgn0261587	4.78E-27	0.635503277	2.03E-120	0.000619403	NA	0.011440491	3.53E-14	NA	1
FBgn0261592	1.40E-38	0.762827923	2.11E-217	9.40E-05	3.99E-22	0.015833755	NA	NA	6
FBgn0261599	1.81E-34	0.723593506	6.38E-203	0.012396465	7.87E-20	0.038016122	NA	NA	6
FBgn0261614	2.67E-28	0.664818344	1.91E-119	0.005405468	NA	0.002378821	2.17E-16	0.021837584	1
FBgn0261624	1.33E-33	0.714540052	1.36E-141	0.041048496	NA	0.004448582	5.15E-19	NA	1
FBgn0261627	2.12E-25	0.626017235	1.92E-119	0.002269236	NA	0.00257694	5.53E-15	0.015643041	1
FBgn0261641	7.37E-36	0.747911292	8.45E-173	1.00E-08	2.18E-16	0.000222986	3.84E-10	NA	4
FBgn0261673	7.70E-26	0.618717416	2.41E-204	NA	5.33E-09	1.80E-09	NA	9.38E-05	10
FBgn0261686	8.63E-39	0.753974614	1.87E-172	NA	NA	0.00197803	1.43E-28	NA	1
FBgn0261714	3.41E-26	0.623714703	2.48E-118	NA	5.86E-26	NA	2.77E-20	0.026060757	3
FBgn0261816	2.83E-36	0.741586345	6.02E-138	1.99E-11	NA	0.003901799	2.91E-18	NA	1
FBgn0261834	4.62E-33	0.719908007	1.55E-140	0.003078943	NA	0.000710151	1.01E-18	0.016413987	1
FBgn0261873	3.84E-43	0.80831565	5.06E-225	6.94E-12	NA	1.93E-06	1.66E-23	0.000993209	6
FBgn0261984	4.41E-40	0.775733408	2.81E-174	NA	2.14E-14	0.005008703	3.49E-05	NA	8
FBgn0261988	1.27E-45	0.808725075	8.34E-221	NA	NA	2.93E-14	1.45E-25	NA	8
FBgn0261989	3.95E-35	0.7505882	3.20E-66	0.041000845	1.63E-06	5.46E-11	1.96E-10	4.81E-09	8
FBgn0262002	2.44E-48	0.842311219	2.15E-184	6.23E-10	NA	0.000204524	4.32E-30	0.012162438	1
FBgn0262003	1.96E-27	0.653697015	3.89E-109	NA	4.12E-06	2.35E-13	9.93E-08	9.69E-07	5
FBgn0262004	7.64E-25	0.604266411	4.56E-153	1.92E-06	NA	7.04E-05	2.44E-09	NA	2
FBgn0262006	5.05E-29	0.673849975	9.20E-64	0.00130051	2.32E-05	NA	5.48E-09	1.28E-07	2
FBgn0262007	1.13E-44	0.819044854	9.92E-74	1.18E-05	NA	8.53E-11	1.59E-18	7.55E-10	8
FBgn0262030	3.80E-38	0.758975886	7.07E-150	0.011041412	NA	0.029540373	4.44E-24	NA	1
FBgn0262035	1.89E-44	0.817509539	3.39E-119	6.69E-10	1.32E-15	2.59E-06	3.30E-07	NA	4
FBgn0262057	4.37E-53	0.861749395	2.31E-171	0.014375256	3.56E-29	1.19E-07	NA	NA	6
FBgn0262095	2.29E-41	0.776252596	5.46E-176	NA	NA	0.000240907	4.52E-30	NA	1
FBgn0262099	1.19E-37	0.754482345	8.37E-142	2.58E-13	NA	NA	2.23E-08	8.43E-14	2
FBgn0262100	7.79E-40	0.773660062	2.04E-166	0.000441723	NA	0.000386216	9.18E-23	NA	1
FBgn0262102	1.12E-42	0.796382417	2.73E-162	6.36E-07	NA	0.003800405	6.45E-26	NA	1
FBgn0262141	3.50E-35	0.730854696	6.13E-44	NA	NA	6.53E-05	2.69E-22	0.00842232	5
FBgn0262146	7.85E-24	0.603172969	3.20E-75	3.05E-16	1.21E-13	NA	2.01E-09	0.042829603	11
FBgn0262351	5.41E-40	0.784224393	1.53E-154	1.43E-06	NA	0.000141112	7.00E-23	0.010627384	1
FBgn0262478	1.35E-33	0.702081772	8.12E-165	NA	NA	0.001421158	1.80E-23	NA	1
FBgn0262482	7.45E-25	0.604429244	6.08E-108	NA	NA	2.74E-05	7.39E-11	0.018962997	1
FBgn0262486	6.45E-29	0.646039217	7.55E-138	NA	NA	0.00128747	4.18E-19	NA	1
FBgn0262487	3.82E-32	0.685720833	7.51E-164	NA	NA	4.19E-07	3.32E-18	NA	1
FBgn0262508	1.50E-54	0.869075478	2.70E-186	NA	8.12E-48	0.021748646	5.31E-38	NA	3
FBgn0262519	3.37E-37	0.760310346	3.12E-208	2.38E-06	1.30E-15	9.25E-05	NA	0.028122992	8
FBgn0262527	4.40E-33	0.708958675	9.48E-217	0.010797188	NA	2.06E-07	6.95E-13	NA	8
FBgn0262535	6.66E-33	0.706995569	7.35E-146	0.038376201	NA	0.028113917	9.66E-20	NA	1
FBgn0262538	2.13E-25	0.63847703	1.09E-126	0.002872603	0.003050425	3.30E-05	6.52E-06	0.001089555	5
FBgn0262566	4.85E-35	0.740028603	4.87E-146	2.07E-05	NA	0.000405213	3.86E-20	0.011324409	1
FBgn0262568	9.01E-34	0.727299861	8.75E-136	0.003308946	NA	0.000130322	8.36E-20	0.003167114	1
FBgn0262571	5.95E-25	0.619633509	3.88E-98	NA	3.92E-08	1.22E-06	6.16E-09	1.39E-07	2
FBgn0262575	1.40E-26	0.614233291	3.03E-135	NA	NA	0.006793252	5.75E-18	NA	1
FBgn0262579	2.84E-42	0.793294312	4.72E-205	NA	3.25E-19	5.70E-08	1.41E-10	NA	4
FBgn0262581	4.75E-38	0.758105288	1.78E-154	0.002646136	NA	0.025666908	8.58E-24	NA	1
FBgn0262583	5.09E-27	0.648227069	1.52E-127	1.55E-05	2.68E-16	NA	9.03E-18	2.89E-07	2
FBgn0262592	1.21E-35	0.735433791	1.68E-122	1.12E-16	NA	0.004277508	2.87E-14	NA	1
FBgn0262593	8.12E-31	0.683309674	4.55E-182	NA	1.96E-29	0.002122454	1.78E-23	NA	7
FBgn0262598	5.18E-48	0.8403655	1.48E-180	0.01732133	NA	4.27E-06	6.61E-30	0.000665936	1
FBgn0262599	9.76E-43	0.796834154	6.63E-67	NA	1.33E-32	0.006484763	6.92E-25	NA	7
FBgn0262614	2.62E-25	0.624730429	5.29E-185	0.032683996	2.55E-26	0.004102222	5.20E-22	NA	3
FBgn0262621	5.66E-34	0.71845197	1.76E-68	1.05E-07	NA	NA	1.24E-11	5.73E-08	2
FBgn0262623	1.16E-35	0.735607643	5.50E-125	1.83E-13	NA	NA	1.52E-10	2.89E-09	2
FBgn0262647	5.50E-26	0.63421212	9.12E-135	4.10E-12	1.14E-10	0.000298305	5.42E-08	NA	4
FBgn0262716	9.88E-24	0.601667409	7.96E-189	0.021737103	NA	1.48E-07	7.86E-09	2.73E-05	5
FBgn0262734	4.34E-40	0.77579406	2.31E-215	NA	8.29E-32	0.019782074	NA	0.043362477	8
FBgn0262788	1.14E-30	0.693495764	5.66E-133	0.019986778	NA	0.008936868	4.33E-19	0.042977791	1
FBgn0262816	2.42E-29	0.665424571	1.38E-42	NA	3.47E-12	0.007838564	7.00E-06	NA	4
FBgn0262838	1.58E-25	0.640272185	3.92E-13	0.033473177	0.014103457	0.001274128	0.000151715	0.043679988	5
FBgn0262842	1.98E-25	0.61281905	1.26E-116	0.027011806	NA	0.001445012	6.12E-12	NA	1
FBgn0262858	8.85E-29	0.670834456	2.36E-141	0.000111081	NA	0.001632918	5.95E-15	0.036065931	1
FBgn0262894	1.03E-26	0.616082186	3.46E-134	NA	NA	0.036058025	3.78E-19	NA	1
FBgn0262896	1.13E-43	0.803780795	7.95E-112	1.18E-07	1.35E-14	3.25E-13	NA	NA	2
FBgn0262899	1.09E-25	0.630083988	2.57E-123	3.57E-08	2.92E-11	NA	5.61E-14	2.28E-05	2
FBgn0262955	3.44E-47	0.82785475	1.03E-171	NA	6.72E-22	0.000491042	2.79E-10	NA	4
FBgn0262967	3.50E-35	0.718996201	1.50E-183	NA	NA	0.005265967	1.15E-25	NA	1
FBgn0262982	1.93E-29	0.666640258	1.22E-135	0.029341774	NA	0.014446285	1.71E-16	NA	1
FBgn0263022	2.43E-35	0.742946295	8.46E-137	1.46E-05	NA	0.002950938	1.01E-21	0.024424042	1
FBgn0263023	6.65E-25	0.618943914	1.81E-104	0.000633243	2.71E-14	0.009680307	NA	0.020576969	1
FBgn0263033	2.38E-43	0.801416257	7.81E-173	0.002764014	NA	0.00629022	1.49E-27	NA	1
FBgn0263034	9.94E-27	0.616330469	7.84E-134	NA	NA	1.84E-05	6.00E-15	NA	1
FBgn0263036	1.80E-40	0.778958644	5.83E-148	1.45E-05	NA	0.001619068	7.88E-24	NA	1
FBgn0263048	4.15E-46	0.820786683	2.09E-201	1.18E-05	NA	0.001318972	7.39E-29	NA	1
FBgn0263082	2.01E-28	0.66637206	8.08E-113	5.67E-14	0.000114874	NA	2.48E-06	3.22E-11	2
FBgn0263110	3.77E-28	0.635905615	4.77E-214	NA	NA	5.66E-05	8.70E-17	NA	8
FBgn0263199	1.30E-40	0.789204618	1.75E-182	4.42E-15	6.62E-07	NA	0.021742039	1.13E-12	6
FBgn0263231	4.42E-44	0.806743242	4.85E-227	1.22E-10	1.44E-23	0.00062121	NA	NA	1
FBgn0263241	3.86E-30	0.687295639	4.06E-145	2.65E-11	1.60E-14	0.000117733	NA	0.000211432	4
FBgn0263271	1.49E-38	0.762596775	5.90E-171	0.000207396	NA	0.000513423	9.55E-22	NA	1
FBgn0263289	6.61E-33	0.707035165	1.70E-208	1.69E-05	4.99E-13	4.36E-06	NA	NA	8
FBgn0263316	1.24E-37	0.743243703	6.69E-195	NA	NA	2.14E-06	2.67E-24	NA	5
FBgn0263324	4.45E-30	0.674462763	2.80E-145	0.00207791	NA	0.014764466	7.99E-17	NA	1
FBgn0263346	5.06E-30	0.67379036	5.64E-208	NA	0.009137506	0.001237334	1.57E-08	NA	8
FBgn0263387	2.06E-31	0.690270382	5.66E-154	0.00126656	NA	0.00770501	1.97E-17	NA	1
FBgn0263510	1.33E-27	0.655888875	4.52E-126	0.002923496	1.61E-16	5.25E-07	NA	2.25E-07	4
FBgn0263593	4.05E-40	0.765731996	3.70E-225	NA	1.26E-19	NA	NA	1.48E-09	5
FBgn0263597	2.75E-27	0.638765747	6.20E-79	NA	2.11E-09	NA	8.65E-13	8.60E-08	2
FBgn0263599	4.13E-49	0.846814494	8.64E-178	1.10E-05	4.68E-26	3.41E-05	NA	0.017556366	8
FBgn0263607	2.25E-42	0.802698797	1.42E-113	NA	0.048705558	3.69E-12	0.01160892	3.00E-09	8
FBgn0263647	9.28E-38	0.76530626	4.44E-165	0.00093598	NA	0.00099962	6.87E-23	0.019025332	1
FBgn0263740	4.26E-30	0.674696147	7.89E-215	NA	2.14E-22	0.00723727	NA	0.030079198	8
FBgn0263750	4.18E-45	0.813971026	5.98E-184	0.001332239	NA	0.002447609	1.45E-28	NA	1
FBgn0263774	1.70E-43	0.810840815	2.21E-165	2.88E-06	NA	0.000570174	5.39E-28	0.009982356	1
FBgn0263911	7.82E-66	0.913929358	6.35E-160	NA	1.25E-49	0.027411077	2.03E-36	NA	7
FBgn0263980	5.09E-38	0.757838931	3.91E-161	NA	1.07E-33	5.93E-05	2.87E-25	NA	3
FBgn0263982	1.18E-35	0.735558792	1.39E-148	0.019217686	NA	0.006662265	5.55E-21	NA	1
FBgn0263988	2.39E-46	0.822381914	1.16E-173	0.000862179	NA	0.0001127	1.28E-24	NA	1
FBgn0264078	9.09E-27	0.644859378	3.71E-178	NA	3.53E-05	3.13E-05	7.20E-09	0.011982773	5
FBgn0264086	3.23E-46	0.821511031	6.24E-193	0.007175078	NA	0.003454283	7.76E-30	NA	1
FBgn0264089	4.17E-33	0.72037838	7.48E-174	1.87E-07	8.88E-28	0.000378317	1.18E-19	NA	7
FBgn0264294	7.87E-35	0.727298091	1.64E-195	NA	1.83E-29	NA	2.39E-19	7.07E-07	11
FBgn0264299	1.62E-35	0.734190954	1.54E-156	0.001520118	NA	0.003439378	2.46E-20	NA	1
FBgn0264302	1.00E-28	0.643544755	1.01E-155	NA	NA	1.06E-05	1.70E-16	NA	5
FBgn0264305	2.79E-41	0.794418575	1.55E-190	0.007474084	NA	0.002591887	3.86E-26	0.035070285	1
FBgn0264307	1.05E-53	0.87107285	5.48E-213	8.12E-06	NA	7.09E-06	1.07E-35	0.001069858	1
FBgn0264340	2.83E-35	0.719947393	1.27E-152	NA	NA	0.000911265	8.01E-25	NA	1
FBgn0264357	1.39E-37	0.753885345	3.84E-251	NA	NA	3.50E-07	3.17E-16	0.018104094	8
FBgn0264364	2.10E-38	0.761273437	9.43E-175	0.000143502	NA	0.003582724	1.21E-22	NA	1
FBgn0264472	8.81E-35	0.726798518	1.47E-135	0.011343554	NA	0.000958035	5.06E-19	NA	1
FBgn0264489	6.85E-36	0.748211913	2.89E-193	NA	6.53E-25	0.016426639	2.00E-16	0.009500282	7
FBgn0264494	3.31E-31	0.699620741	3.06E-151	0.000796901	3.55E-25	0.027881579	1.36E-17	NA	4
FBgn0264560	5.75E-35	0.728681624	9.39E-221	1.45E-10	1.21E-15	0.001101386	NA	NA	1
FBgn0264693	1.28E-41	0.778312623	4.25E-257	NA	NA	0.000335328	1.81E-30	NA	8
FBgn0264740	6.06E-31	0.684807808	1.04E-116	0.014704292	NA	0.00095538	6.83E-16	NA	1
FBgn0264750	5.13E-30	0.673720845	8.49E-184	NA	3.15E-13	9.28E-13	NA	1.06E-07	8
FBgn0264776	1.01E-37	0.764970904	1.29E-159	1.00E-06	NA	1.59E-09	2.73E-16	1.85E-05	5
FBgn0264800	1.36E-34	0.712831283	1.94E-220	NA	NA	0.000459237	7.86E-24	NA	8
FBgn0264815	1.71E-32	0.713854885	4.24E-189	NA	2.50E-21	0.003971264	5.17E-13	0.000860465	7
FBgn0264894	6.69E-28	0.671454401	2.25E-172	0.024722511	7.23E-23	0.001540203	2.91E-22	0.025403862	3
FBgn0264922	2.15E-45	0.831118347	3.19E-151	0.001597388	2.81E-15	0.019598157	2.29E-07	0.027542322	4
FBgn0264979	3.91E-38	0.75887197	8.87E-144	NA	1.72E-10	NA	0.00010346	3.29E-12	5
FBgn0265048	2.02E-50	0.847353177	1.46E-182	NA	2.94E-27	7.60E-09	NA	0.010968917	8
FBgn0265089	3.27E-41	0.793888165	3.57E-171	9.29E-06	NA	0.000812947	3.54E-24	0.034277637	1
FBgn0265137	8.31E-58	0.889470255	1.48E-178	0.031569992	NA	8.94E-12	1.07E-32	7.53E-07	5
FBgn0265177	9.72E-50	0.843425543	6.31E-151	NA	8.86E-31	0.000167831	9.32E-20	NA	7
FBgn0265182	2.59E-28	0.652329124	1.11E-183	NA	1.96E-16	5.52E-05	NA	0.009027377	8
FBgn0265186	3.41E-27	0.650523944	1.80E-104	0.005790016	1.03E-08	2.27E-10	NA	1.20E-08	8
FBgn0265187	2.48E-48	0.842272385	2.87E-177	1.26E-09	NA	6.33E-09	2.75E-26	7.43E-05	1
FBgn0265191	9.52E-46	0.818367533	8.47E-167	NA	6.23E-44	0.001351487	4.93E-37	NA	3
FBgn0265192	2.50E-28	0.66519328	7.96E-189	2.25E-08	7.36E-13	0.003820153	NA	0.030496936	1
FBgn0265263	1.80E-39	0.770567277	9.59E-176	8.81E-05	NA	0.000669155	1.23E-22	NA	1
FBgn0265267	8.95E-32	0.70598772	1.88E-124	3.62E-17	5.26E-24	5.80E-14	1.70E-24	NA	2
FBgn0265269	9.47E-49	0.844727395	1.28E-175	3.52E-08	NA	0.000261037	7.14E-29	0.04050424	1
FBgn0265271	1.40E-43	0.803116879	2.80E-163	0.000184159	NA	0.000154832	1.25E-25	NA	1
FBgn0265342	1.99E-29	0.66648005	4.71E-147	0.021510701	NA	0.004357078	1.16E-15	NA	1
FBgn0265356	4.49E-31	0.686336003	2.65E-154	NA	2.76E-32	0.000121183	2.82E-28	NA	3
FBgn0265434	1.07E-49	0.850150435	1.53E-220	0.003745401	NA	1.20E-10	1.33E-25	3.68E-06	8